day	hour	value
1	0	0
1	1	0
1	2	0
1	3	0
1	4	0
1	5	0
1	6	0
1	7	96
1	8	111
1	9	88
1	10	126
1	11	84
1	12	84
1	13	83
1	14	85
1	15	88
1	16	92
1	17	97
1	18	83
1	19	81
1	20	72
1	21	0
1	22	0
1	23	0
2	0	0
2	1	0
2	2	0
2	3	0
2	4	0
2	5	0
2	6	0
2	7	0
2	8	0
2	9	0
2	10	0
2	11	0
2	12	97
2	13	88
2	14	92
2	15	85
2	16	81
2	17	85
2	18	107
2	19	92
2	20	107
2	21	83
2	22	84
2	23	81
3	0	67
3	1	69
3	2	84
3	3	72
3	4	63
3	5	61
3	6	77
3	7	88
3	8	107
3	9	88
3	10	88
3	11	88
3	12	0
3	13	81
3	14	88
3	15	0
3	16	102
3	17	88
3	18	97
3	19	97
3	20	92
3	21	85
3	22	97
3	23	77
4	0	85
4	1	57
4	2	65
4	3	67
4	4	61
4	5	72
4	6	133
4	7	84
4	8	0
4	9	88
4	10	91
4	11	121
4	12	91
4	13	85
4	14	92
4	15	100
4	16	97
4	17	88
4	18	81
4	19	93
4	20	84
4	21	93
4	22	97
4	23	72
5	0	78
5	1	69
5	2	113
5	3	65
5	4	64
5	5	65
5	6	61
5	7	61
5	8	100
5	9	91
5	10	97
5	11	83
5	12	102
5	13	92
5	14	88
5	15	85
5	16	97
5	17	0
5	18	0
5	19	0
5	20	0
5	21	0
5	22	0
5	23	0
6	0	0
6	1	0
6	2	0
6	3	0
6	4	0
6	5	0
6	6	0
6	7	0
6	8	0
6	9	97
6	10	91
6	11	74
6	12	84
6	13	83
6	14	81
6	15	88
6	16	74
6	17	92
6	18	92
6	19	107
6	20	78
6	21	110
6	22	103
6	23	84
7	0	83
7	1	83
7	2	107
7	3	113
7	4	65
7	5	69
7	6	121
7	7	111
7	8	64
7	9	85
7	10	91
7	11	97
7	12	103
7	13	88
7	14	84
7	15	77
7	16	85
7	17	84
7	18	72
7	19	83
7	20	0
7	21	0
7	22	0
7	23	73
8	0	72
8	1	65
8	2	117
8	3	59
8	4	93
8	5	65
8	6	69
8	7	102
8	8	111
8	9	88
8	10	81
8	11	81
8	12	113
8	13	92
8	14	83
8	15	103
8	16	88
8	17	102
8	18	116
8	19	88
8	20	97
8	21	97
8	22	91
8	23	88
9	0	77
9	1	88
9	2	95
9	3	81
9	4	88
9	5	81
9	6	81
9	7	107
9	8	97
9	9	78
9	10	0
9	11	0
9	12	93
9	13	102
9	14	111
9	15	88
9	16	83
9	17	88
9	18	77
9	19	84
9	20	84
9	21	103
9	22	111
9	23	81
10	0	81
10	1	65
10	2	74
10	3	68
10	4	63
10	5	81
10	6	69
10	7	111
10	8	69
10	9	100
10	10	97
10	11	85
10	12	178
10	13	178
10	14	0
10	15	0
10	16	81
10	17	88
10	18	88
10	19	81
10	20	76
10	21	91
10	22	83
10	23	93
11	0	97
11	1	88
11	2	97
11	3	97
11	4	66
11	5	77
11	6	61
11	7	81
11	8	0
11	9	107
11	10	83
11	11	81
11	12	84
11	13	85
11	14	84
11	15	88
11	16	100
11	17	85
11	18	88
11	19	97
11	20	77
11	21	107
11	22	107
11	23	80
12	0	85
12	1	66
12	2	81
12	3	69
12	4	65
12	5	97
12	6	102
12	7	67
12	8	97
12	9	88
12	10	97
12	11	88
12	12	88
12	13	97
12	14	84
12	15	85
12	16	102
12	17	81
12	18	103
12	19	102
12	20	97
12	21	88
12	22	81
12	23	74
13	0	0
13	1	0
13	2	0
13	3	0
13	4	0
13	5	0
13	6	0
13	7	67
13	8	81
13	9	97
13	10	79
13	11	88
13	12	93
13	13	97
13	14	77
13	15	78
13	16	100
13	17	88
13	18	91
13	19	84
13	20	97
13	21	97
13	22	107
13	23	97
14	0	103
14	1	77
14	2	62
14	3	65
14	4	63
14	5	64
14	6	88
14	7	65
14	8	67
14	9	84
14	10	107
14	11	88
14	12	102
14	13	92
14	14	91
14	15	97
14	16	97
14	17	121
14	18	88
14	19	113
14	20	84
14	21	81
14	22	97
14	23	68
15	0	67
15	1	107
15	2	66
15	3	66
15	4	63
15	5	66
15	6	61
15	7	0
15	8	68
15	9	88
15	10	78
15	11	97
15	12	97
15	13	85
15	14	97
15	15	107
15	16	93
15	17	92
15	18	113
15	19	88
15	20	88
15	21	88
15	22	121
15	23	73
16	0	69
16	1	77
16	2	110
16	3	70
16	4	65
16	5	68
16	6	61
16	7	65
16	8	72
16	9	84
16	10	113
16	11	88
16	12	69
16	13	88
16	14	107
16	15	85
16	16	97
16	17	88
16	18	116
16	19	88
16	20	92
16	21	88
16	22	116
16	23	85
17	0	97
17	1	111
17	2	84
17	3	76
17	4	117
17	5	65
17	6	78
17	7	65
17	8	69
17	9	70
17	10	78
17	11	81
17	12	88
17	13	88
17	14	81
17	15	97
17	16	83
17	17	97
17	18	93
17	19	74
17	20	0
17	21	0
17	22	0
17	23	0
18	0	71
18	1	61
18	2	57
18	3	62
18	4	57
18	5	63
18	6	64
18	7	77
18	8	100
18	9	121
18	10	92
18	11	97
18	12	93
18	13	103
18	14	97
18	15	116
18	16	92
18	17	78
18	18	107
18	19	77
18	20	97
18	21	107
18	22	0
18	23	0
19	0	0
19	1	0
19	2	0
19	3	0
19	4	0
19	5	0
19	6	0
19	7	72
19	8	88
19	9	84
19	10	100
19	11	88
19	12	103
19	13	102
19	14	113
19	15	102
19	16	102
19	17	88
19	18	88
19	19	110
19	20	97
19	21	93
19	22	102
19	23	72
20	0	88
20	1	78
20	2	74
20	3	72
20	4	64
20	5	69
20	6	69
20	7	103
20	8	74
20	9	91
20	10	75
20	11	0
20	12	83
20	13	88
20	14	103
20	15	92
20	16	88
20	17	83
20	18	102
20	19	100
20	20	88
20	21	81
20	22	107
20	23	91
21	0	113
21	1	91
21	2	65
21	3	64
21	4	68
21	5	69
21	6	65
21	7	74
21	8	85
21	9	88
21	10	85
21	11	88
21	12	97
21	13	107
21	14	97
21	15	92
21	16	93
21	17	92
21	18	107
21	19	97
21	20	88
21	21	81
21	22	84
21	23	0
22	0	0
22	1	62
22	2	65
22	3	61
22	4	117
22	5	64
22	6	69
22	7	74
22	8	97
22	9	107
22	10	88
22	11	88
22	12	74
22	13	100
22	14	103
22	15	77
22	16	81
22	17	107
22	18	92
22	19	97
22	20	92
22	21	81
22	22	84
22	23	0
23	0	0
23	1	0
23	2	0
23	3	0
23	4	0
23	5	0
23	6	0
23	7	0
23	8	0
23	9	0
23	10	0
23	11	85
23	12	92
23	13	92
23	14	102
23	15	92
23	16	103
23	17	84
23	18	88
23	19	81
23	20	97
23	21	111
23	22	97
23	23	113
24	0	113
24	1	74
24	2	92
24	3	65
24	4	61
24	5	57
24	6	69
24	7	64
24	8	74
24	9	81
24	10	81
24	11	97
24	12	0
24	13	0
24	14	88
24	15	97
24	16	88
24	17	102
24	18	97
24	19	107
24	20	102
24	21	92
24	22	88
24	23	92
25	0	121
25	1	138
25	2	67
25	3	88
25	4	138
25	5	88
25	6	138
25	7	97
25	8	72
25	9	102
25	10	97
25	11	100
25	12	91
25	13	110
25	14	97
25	15	84
25	16	0
25	17	0
25	18	0
25	19	88
25	20	103
25	21	81
25	22	107
25	23	100
26	0	81
26	1	74
26	2	65
26	3	66
26	4	67
26	5	74
26	6	65
26	7	85
26	8	92
26	9	97
26	10	92
26	11	92
26	12	113
26	13	92
26	14	97
26	15	97
26	16	91
26	17	97
26	18	103
26	19	97
26	20	97
26	21	84
26	22	88
26	23	88
27	0	74
27	1	65
27	2	61
27	3	61
27	4	64
27	5	61
27	6	66
27	7	70
27	8	72
27	9	97
27	10	92
27	11	97
27	12	91
27	13	100
27	14	97
27	15	97
27	16	97
27	17	113
27	18	84
27	19	85
27	20	93
27	21	107
27	22	88
27	23	88
28	0	79
28	1	133
28	2	81
28	3	76
28	4	0
28	5	0
28	6	0
28	7	0
28	8	62
28	9	69
28	10	92
28	11	102
28	12	103
28	13	107
28	14	107
28	15	97
28	16	97
28	17	93
28	18	97
28	19	88
28	20	81
28	21	107
28	22	91
28	23	88
29	0	77
29	1	67
29	2	77
29	3	65
29	4	65
29	5	77
29	6	100
29	7	88
29	8	92
29	9	88
29	10	100
29	11	116
29	12	83
29	13	91
29	14	97
29	15	111
29	16	91
29	17	88
29	18	81
29	19	85
29	20	0
29	21	0
29	22	0
29	23	73
30	0	61
30	1	61
30	2	93
30	3	65
30	4	64
30	5	67
30	6	67
30	7	66
30	8	63
30	9	69
30	10	107
30	11	97
30	12	103
30	13	110
30	14	88
30	15	88
30	16	92
30	17	92
30	18	107
30	19	93
30	20	103
30	21	88
30	22	100
30	23	77
31	0	0
31	1	64
31	2	69
31	3	69
31	4	66
31	5	91
31	6	65
31	7	75
31	8	67
31	9	81
31	10	93
31	11	107
31	12	92
31	13	81
31	14	91
31	15	83
31	16	92
31	17	92
31	18	92
31	19	116
31	20	100
31	21	81
31	22	107
31	23	55
32	0	111
32	1	57
32	2	78
32	3	62
32	4	62
32	5	62
32	6	64
32	7	97
32	8	102
32	9	97
32	10	100
32	11	102
32	12	92
32	13	100
32	14	81
32	15	81
32	16	88
32	17	81
32	18	107
32	19	92
32	20	103
32	21	107
32	22	74
32	23	74
33	0	68
33	1	65
33	2	61
33	3	65
33	4	70
33	5	63
33	6	97
33	7	65
33	8	72
33	9	97
33	10	107
33	11	92
33	12	97
33	13	88
33	14	92
33	15	81
33	16	103
33	17	84
33	18	88
33	19	91
33	20	77
33	21	78
33	22	0
33	23	0
34	0	0
34	1	72
34	2	65
34	3	62
34	4	73
34	5	65
34	6	68
34	7	69
34	8	121
34	9	84
34	10	83
34	11	97
34	12	113
34	13	100
34	14	88
34	15	88
34	16	77
34	17	88
34	18	92
34	19	83
34	20	100
34	21	84
34	22	91
34	23	97
35	0	81
35	1	102
35	2	63
35	3	65
35	4	65
35	5	61
35	6	66
35	7	65
35	8	73
35	9	77
35	10	100
35	11	107
35	12	97
35	13	97
35	14	97
35	15	102
35	16	107
35	17	88
35	18	121
35	19	100
35	20	93
35	21	97
35	22	92
35	23	88
36	0	103
36	1	76
36	2	74
36	3	65
36	4	66
36	5	65
36	6	59
36	7	92
36	8	88
36	9	88
36	10	97
36	11	92
36	12	91
36	13	93
36	14	102
36	15	116
36	16	97
36	17	116
36	18	103
36	19	93
36	20	102
36	21	121
36	22	92
36	23	131
37	0	0
37	1	0
37	2	0
37	3	0
37	4	0
37	5	0
37	6	0
37	7	0
37	8	0
37	9	0
37	10	0
37	11	76
37	12	93
37	13	103
37	14	92
37	15	88
37	16	81
37	17	102
37	18	88
37	19	92
37	20	74
37	21	84
37	22	76
37	23	97
38	0	81
38	1	74
38	2	65
38	3	81
38	4	65
38	5	65
38	6	63
38	7	65
38	8	65
38	9	72
38	10	93
38	11	81
38	12	88
38	13	97
38	14	113
38	15	103
38	16	85
38	17	76
38	18	0
38	19	0
38	20	0
38	21	97
38	22	83
38	23	93
39	0	103
39	1	92
39	2	77
39	3	88
39	4	62
39	5	63
39	6	72
39	7	97
39	8	74
39	9	65
39	10	65
39	11	88
39	12	93
39	13	85
39	14	83
39	15	88
39	16	81
39	17	84
39	18	92
39	19	102
39	20	97
39	21	116
39	22	97
39	23	81
40	0	81
40	1	74
40	2	81
40	3	69
40	4	72
40	5	61
40	6	88
40	7	69
40	8	77
40	9	77
40	10	91
40	11	97
40	12	88
40	13	102
40	14	97
40	15	121
40	16	97
40	17	121
40	18	92
40	19	81
40	20	93
40	21	92
40	22	100
40	23	0
41	0	0
41	1	77
41	2	77
41	3	69
41	4	62
41	5	76
41	6	84
41	7	74
41	8	74
41	9	67
41	10	88
41	11	88
41	12	102
41	13	93
41	14	116
41	15	88
41	16	97
41	17	88
41	18	97
41	19	83
41	20	81
41	21	97
41	22	83
41	23	93
42	0	111
42	1	0
42	2	0
42	3	0
42	4	0
42	5	0
42	6	0
42	7	0
42	8	0
42	9	0
42	10	0
42	11	97
42	12	91
42	13	97
42	14	100
42	15	97
42	16	97
42	17	85
42	18	97
42	19	81
42	20	97
42	21	84
42	22	92
42	23	92
43	0	76
43	1	0
43	2	67
43	3	66
43	4	61
43	5	59
43	6	64
43	7	70
43	8	102
43	9	92
43	10	97
43	11	97
43	12	107
43	13	102
43	14	93
43	15	107
43	16	103
43	17	107
43	18	88
43	19	88
43	20	84
43	21	88
43	22	83
43	23	138
44	0	110
44	1	93
44	2	103
44	3	124
44	4	97
44	5	88
44	6	88
44	7	97
44	8	81
44	9	107
44	10	0
44	11	0
44	12	0
44	13	0
44	14	0
44	15	0
44	16	110
44	17	111
44	18	92
44	19	92
44	20	111
44	21	76
44	22	81
44	23	65
45	0	65
45	1	65
45	2	65
45	3	65
45	4	116
45	5	61
45	6	65
45	7	77
45	8	78
45	9	83
45	10	97
45	11	102
45	12	88
45	13	91
45	14	97
45	15	92
45	16	84
45	17	93
45	18	111
45	19	97
45	20	92
45	21	88
45	22	138
45	23	0
46	0	0
46	1	81
46	2	73
46	3	84
46	4	69
46	5	69
46	6	69
46	7	70
46	8	81
46	9	97
46	10	81
46	11	0
46	12	0
46	13	0
46	14	0
46	15	92
46	16	88
46	17	88
46	18	107
46	19	88
46	20	88
46	21	92
46	22	97
46	23	78
47	0	97
47	1	111
47	2	67
47	3	74
47	4	92
47	5	73
47	6	72
47	7	107
47	8	74
47	9	0
47	10	69
47	11	78
47	12	0
47	13	0
47	14	88
47	15	97
47	16	97
47	17	107
47	18	88
47	19	91
47	20	92
47	21	84
47	22	129
47	23	92
48	0	126
48	1	131
48	2	88
48	3	76
48	4	107
48	5	67
48	6	107
48	7	69
48	8	65
48	9	70
48	10	72
48	11	69
48	12	81
48	13	79
48	14	83
48	15	0
48	16	88
48	17	97
48	18	91
48	19	92
48	20	102
48	21	76
48	22	113
48	23	81
49	0	0
49	1	0
49	2	0
49	3	0
49	4	0
49	5	0
49	6	0
49	7	57
49	8	78
49	9	74
49	10	100
49	11	100
49	12	92
49	13	91
49	14	97
49	15	92
49	16	83
49	17	100
49	18	107
49	19	121
49	20	93
49	21	107
49	22	110
49	23	102
50	0	81
50	1	78
50	2	84
50	3	0
50	4	0
50	5	0
50	6	0
50	7	121
50	8	69
50	9	81
50	10	75
50	11	83
50	12	88
50	13	102
50	14	97
50	15	81
50	16	85
50	17	121
50	18	121
50	19	97
50	20	97
50	21	68
50	22	102
50	23	100
51	0	85
51	1	97
51	2	88
51	3	0
51	4	0
51	5	0
51	6	0
51	7	0
51	8	0
51	9	0
51	10	0
51	11	0
51	12	81
51	13	83
51	14	81
51	15	74
51	16	111
51	17	180
51	18	180
51	19	102
51	20	103
51	21	91
51	22	113
51	23	100
52	0	102
52	1	81
52	2	0
52	3	0
52	4	0
52	5	0
52	6	0
52	7	0
52	8	0
52	9	0
52	10	0
52	11	0
52	12	0
52	13	0
52	14	77
52	15	103
52	16	81
52	17	100
52	18	107
52	19	92
52	20	91
52	21	88
52	22	88
52	23	81
53	0	102
53	1	84
53	2	121
53	3	117
53	4	73
53	5	65
53	6	63
53	7	73
53	8	81
53	9	97
53	10	97
53	11	100
53	12	103
53	13	97
53	14	102
53	15	103
53	16	85
53	17	92
53	18	92
53	19	81
53	20	92
53	21	97
53	22	97
53	23	84
54	0	97
54	1	102
54	2	88
54	3	97
54	4	77
54	5	69
54	6	67
54	7	69
54	8	74
54	9	88
54	10	88
54	11	103
54	12	97
54	13	97
54	14	102
54	15	102
54	16	103
54	17	103
54	18	107
54	19	88
54	20	81
54	21	92
54	22	81
54	23	69
55	0	0
55	1	0
55	2	0
55	3	0
55	4	0
55	5	0
55	6	0
55	7	69
55	8	116
55	9	93
55	10	97
55	11	88
55	12	107
55	13	97
55	14	88
55	15	97
55	16	88
55	17	88
55	18	97
55	19	92
55	20	92
55	21	83
55	22	71
55	23	0
56	0	69
56	1	65
56	2	69
56	3	116
56	4	62
56	5	107
56	6	75
56	7	100
56	8	88
56	9	85
56	10	97
56	11	100
56	12	84
56	13	102
56	14	110
56	15	107
56	16	97
56	17	88
56	18	97
56	19	83
56	20	97
56	21	88
56	22	84
56	23	57
57	0	66
57	1	70
57	2	65
57	3	66
57	4	64
57	5	100
57	6	91
57	7	83
57	8	97
57	9	97
57	10	100
57	11	88
57	12	110
57	13	91
57	14	97
57	15	100
57	16	88
57	17	97
57	18	121
57	19	97
57	20	76
57	21	92
57	22	121
57	23	111
58	0	61
58	1	0
58	2	0
58	3	0
58	4	0
58	5	0
58	6	0
58	7	0
58	8	0
58	9	0
58	10	0
58	11	0
58	12	84
58	13	97
58	14	88
58	15	201
58	16	88
58	17	97
58	18	74
58	19	88
58	20	88
58	21	92
58	22	110
58	23	81
59	0	78
59	1	61
59	2	61
59	3	66
59	4	71
59	5	62
59	6	67
59	7	93
59	8	76
59	9	71
59	10	81
59	11	91
59	12	77
59	13	0
59	14	0
59	15	0
59	16	0
59	17	0
59	18	88
59	19	100
59	20	81
59	21	92
59	22	92
59	23	107
60	0	81
60	1	81
60	2	81
60	3	69
60	4	69
60	5	65
60	6	97
60	7	104
60	8	97
60	9	93
60	10	88
60	11	83
60	12	107
60	13	100
60	14	88
60	15	85
60	16	88
60	17	88
60	18	107
60	19	81
60	20	84
60	21	92
60	22	110
60	23	77
61	0	81
61	1	67
61	2	69
61	3	66
61	4	113
61	5	131
61	6	88
61	7	91
61	8	0
61	9	0
61	10	107
61	11	103
61	12	97
61	13	103
61	14	93
61	15	102
61	16	88
61	17	97
61	18	111
61	19	88
61	20	92
61	21	102
61	22	78
61	23	0
62	0	67
62	1	61
62	2	70
62	3	59
62	4	76
62	5	64
62	6	73
62	7	65
62	8	81
62	9	78
62	10	88
62	11	85
62	12	97
62	13	93
62	14	92
62	15	85
62	16	81
62	17	192
62	18	107
62	19	88
62	20	88
62	21	81
62	22	81
62	23	97
63	0	0
63	1	0
63	2	97
63	3	66
63	4	61
63	5	65
63	6	70
63	7	74
63	8	116
63	9	84
63	10	91
63	11	103
63	12	92
63	13	92
63	14	83
63	15	107
63	16	97
63	17	93
63	18	84
63	19	88
63	20	88
63	21	83
63	22	74
63	23	0
64	0	0
64	1	0
64	2	74
64	3	74
64	4	77
64	5	73
64	6	66
64	7	97
64	8	65
64	9	107
64	10	92
64	11	92
64	12	88
64	13	88
64	14	97
64	15	92
64	16	88
64	17	84
64	18	102
64	19	97
64	20	92
64	21	107
64	22	97
64	23	81
65	0	117
65	1	69
65	2	59
65	3	0
65	4	0
65	5	0
65	6	0
65	7	0
65	8	0
65	9	0
65	10	0
65	11	0
65	12	0
65	13	0
65	14	88
65	15	85
65	16	97
65	17	97
65	18	92
65	19	102
65	20	91
65	21	85
65	22	88
65	23	83
66	0	133
66	1	81
66	2	54
66	3	97
66	4	88
66	5	65
66	6	63
66	7	77
66	8	57
66	9	65
66	10	72
66	11	97
66	12	97
66	13	92
66	14	81
66	15	93
66	16	93
66	17	92
66	18	107
66	19	0
66	20	0
66	21	77
66	22	74
66	23	81
67	0	85
67	1	69
67	2	107
67	3	61
67	4	64
67	5	65
67	6	57
67	7	75
67	8	97
67	9	102
67	10	88
67	11	81
67	12	88
67	13	88
67	14	85
67	15	97
67	16	77
67	17	126
67	18	85
67	19	74
67	20	74
67	21	0
67	22	0
67	23	0
68	0	0
68	1	0
68	2	69
68	3	93
68	4	65
68	5	65
68	6	75
68	7	61
68	8	74
68	9	85
68	10	93
68	11	124
68	12	97
68	13	92
68	14	107
68	15	102
68	16	121
68	17	97
68	18	100
68	19	81
68	20	107
68	21	107
68	22	97
68	23	88
69	0	85
69	1	161
69	2	107
69	3	83
69	4	88
69	5	83
69	6	92
69	7	81
69	8	0
69	9	0
69	10	107
69	11	97
69	12	97
69	13	92
69	14	97
69	15	88
69	16	103
69	17	102
69	18	97
69	19	97
69	20	91
69	21	88
69	22	85
69	23	103
70	0	81
70	1	88
70	2	76
70	3	88
70	4	83
70	5	85
70	6	81
70	7	69
70	8	74
70	9	92
70	10	107
70	11	121
70	12	107
70	13	81
70	14	121
70	15	121
70	16	107
70	17	111
70	18	100
70	19	97
70	20	88
70	21	91
70	22	85
70	23	93
71	0	88
71	1	69
71	2	74
71	3	92
71	4	83
71	5	74
71	6	75
71	7	70
71	8	121
71	9	102
71	10	97
71	11	97
71	12	97
71	13	102
71	14	88
71	15	91
71	16	97
71	17	100
71	18	88
71	19	88
71	20	88
71	21	88
71	22	69
71	23	0
72	0	0
72	1	0
72	2	0
72	3	0
72	4	0
72	5	0
72	6	0
72	7	0
72	8	0
72	9	0
72	10	0
72	11	88
72	12	88
72	13	100
72	14	88
72	15	93
72	16	92
72	17	88
72	18	103
72	19	97
72	20	92
72	21	83
72	22	84
72	23	76
73	0	78
73	1	91
73	2	0
73	3	102
73	4	65
73	5	64
73	6	107
73	7	68
73	8	70
73	9	107
73	10	68
73	11	116
73	12	93
73	13	102
73	14	92
73	15	75
73	16	0
73	17	0
73	18	0
73	19	0
73	20	103
73	21	107
73	22	103
73	23	113
74	0	107
74	1	100
74	2	121
74	3	92
74	4	57
74	5	103
74	6	64
74	7	65
74	8	72
74	9	65
74	10	74
74	11	65
74	12	97
74	13	97
74	14	88
74	15	70
74	16	97
74	17	97
74	18	88
74	19	92
74	20	88
74	21	102
74	22	81
74	23	0
75	0	0
75	1	0
75	2	88
75	3	88
75	4	85
75	5	74
75	6	121
75	7	88
75	8	69
75	9	81
75	10	76
75	11	88
75	12	97
75	13	84
75	14	91
75	15	83
75	16	113
75	17	93
75	18	107
75	19	0
75	20	0
75	21	0
75	22	0
75	23	88
76	0	97
76	1	83
76	2	68
76	3	69
76	4	66
76	5	63
76	6	103
76	7	70
76	8	94
76	9	70
76	10	66
76	11	107
76	12	97
76	13	88
76	14	97
76	15	100
76	16	92
76	17	107
76	18	91
76	19	97
76	20	69
76	21	81
76	22	107
76	23	113
77	0	100
77	1	102
77	2	65
77	3	62
77	4	69
77	5	65
77	6	74
77	7	69
77	8	81
77	9	72
77	10	74
77	11	107
77	12	0
77	13	0
77	14	0
77	15	0
77	16	103
77	17	97
77	18	93
77	19	93
77	20	107
77	21	97
77	22	97
77	23	102
78	0	83
78	1	77
78	2	84
78	3	85
78	4	110
78	5	61
78	6	61
78	7	69
78	8	66
78	9	121
78	10	99
78	11	100
78	12	100
78	13	92
78	14	107
78	15	121
78	16	91
78	17	92
78	18	0
78	19	0
78	20	0
78	21	0
78	22	0
78	23	0
79	0	65
79	1	65
79	2	66
79	3	62
79	4	111
79	5	69
79	6	102
79	7	59
79	8	77
79	9	69
79	10	81
79	11	77
79	12	74
79	13	0
79	14	0
79	15	81
79	16	85
79	17	97
79	18	77
79	19	88
79	20	100
79	21	92
79	22	92
79	23	100
80	0	85
80	1	77
80	2	65
80	3	61
80	4	97
80	5	67
80	6	66
80	7	69
80	8	71
80	9	72
80	10	97
80	11	91
80	12	83
80	13	92
80	14	85
80	15	92
80	16	74
80	17	0
80	18	107
80	19	97
80	20	92
80	21	126
80	22	121
80	23	85
81	0	85
81	1	107
81	2	72
81	3	69
81	4	69
81	5	55
81	6	88
81	7	70
81	8	69
81	9	102
81	10	88
81	11	97
81	12	102
81	13	116
81	14	97
81	15	97
81	16	0
81	17	88
81	18	115
81	19	99
81	20	86
81	21	103
81	22	81
81	23	98
82	0	69
82	1	65
82	2	58
82	3	65
82	4	59
82	5	61
82	6	72
82	7	79
82	8	77
82	9	77
82	10	89
82	11	100
82	12	91
82	13	83
82	14	88
82	15	87
82	16	97
82	17	99
82	18	94
82	19	100
82	20	112
82	21	0
82	22	0
82	23	0
83	0	0
83	1	61
83	2	61
83	3	64
83	4	97
83	5	60
83	6	61
83	7	116
83	8	65
83	9	84
83	10	79
83	11	86
83	12	93
83	13	93
83	14	85
83	15	112
83	16	92
83	17	89
83	18	85
83	19	83
83	20	93
83	21	89
83	22	81
83	23	121
84	0	85
84	1	0
84	2	67
84	3	85
84	4	82
84	5	82
84	6	70
84	7	82
84	8	88
84	9	93
84	10	121
84	11	97
84	12	97
84	13	94
84	14	98
84	15	0
84	16	0
84	17	0
84	18	97
84	19	83
84	20	76
84	21	82
84	22	74
84	23	70
85	0	72
85	1	61
85	2	65
85	3	63
85	4	65
85	5	60
85	6	90
85	7	112
85	8	81
85	9	0
85	10	0
85	11	0
85	12	81
85	13	88
85	14	97
85	15	126
85	16	88
85	17	107
85	18	98
85	19	89
85	20	91
85	21	75
85	22	76
85	23	81
86	0	83
86	1	79
86	2	60
86	3	59
86	4	61
86	5	65
86	6	65
86	7	77
86	8	62
86	9	83
86	10	81
86	11	87
86	12	81
86	13	0
86	14	0
86	15	0
86	16	0
86	17	0
86	18	0
86	19	89
86	20	90
86	21	93
86	22	89
86	23	84
87	0	88
87	1	60
87	2	58
87	3	59
87	4	60
87	5	54
87	6	57
87	7	65
87	8	71
87	9	61
87	10	83
87	11	73
87	12	86
87	13	174
87	14	97
87	15	91
87	16	97
87	17	92
87	18	81
87	19	81
87	20	81
87	21	83
87	22	82
87	23	74
88	0	74
88	1	126
88	2	129
88	3	63
88	4	57
88	5	61
88	6	58
88	7	62
88	8	60
88	9	74
88	10	71
88	11	94
88	12	77
88	13	0
88	14	0
88	15	88
88	16	91
88	17	91
88	18	89
88	19	94
88	20	89
88	21	102
88	22	83
88	23	81
89	0	83
89	1	81
89	2	74
89	3	69
89	4	69
89	5	67
89	6	65
89	7	63
89	8	61
89	9	79
89	10	90
89	11	93
89	12	98
89	13	98
89	14	86
89	15	90
89	16	94
89	17	89
89	18	90
89	19	74
89	20	88
89	21	87
89	22	0
89	23	0
90	0	68
90	1	65
90	2	68
90	3	74
90	4	58
90	5	61
90	6	65
90	7	58
90	8	62
90	9	89
90	10	86
90	11	0
90	12	0
90	13	81
90	14	93
90	15	85
90	16	91
90	17	81
90	18	88
90	19	171
90	20	94
90	21	88
90	22	89
90	23	79
91	0	82
91	1	65
91	2	65
91	3	65
91	4	68
91	5	61
91	6	61
91	7	73
91	8	56
91	9	79
91	10	91
91	11	106
91	12	107
91	13	101
91	14	103
91	15	94
91	16	89
91	17	0
91	18	0
91	19	0
91	20	0
91	21	0
91	22	0
91	23	0
92	0	0
92	1	71
92	2	69
92	3	65
92	4	57
92	5	98
92	6	61
92	7	73
92	8	69
92	9	74
92	10	82
92	11	81
92	12	78
92	13	89
92	14	85
92	15	91
92	16	81
92	17	93
92	18	92
92	19	86
92	20	101
92	21	92
92	22	93
92	23	90
93	0	90
93	1	74
93	2	83
93	3	65
93	4	115
93	5	106
93	6	73
93	7	69
93	8	116
93	9	60
93	10	0
93	11	0
93	12	0
93	13	0
93	14	0
93	15	87
93	16	93
93	17	81
93	18	77
93	19	88
93	20	90
93	21	92
93	22	84
93	23	97
94	0	82
94	1	86
94	2	90
94	3	85
94	4	112
94	5	77
94	6	113
94	7	61
94	8	65
94	9	74
94	10	81
94	11	95
94	12	81
94	13	0
94	14	0
94	15	87
94	16	82
94	17	89
94	18	84
94	19	97
94	20	83
94	21	81
94	22	78
94	23	88
95	0	90
95	1	65
95	2	65
95	3	71
95	4	65
95	5	61
95	6	58
95	7	62
95	8	54
95	9	90
95	10	83
95	11	88
95	12	94
95	13	90
95	14	85
95	15	116
95	16	103
95	17	82
95	18	0
95	19	0
95	20	0
95	21	81
95	22	93
95	23	86
96	0	83
96	1	76
96	2	78
96	3	79
96	4	70
96	5	65
96	6	69
96	7	86
96	8	61
96	9	83
96	10	81
96	11	81
96	12	82
96	13	79
96	14	90
96	15	88
96	16	98
96	17	92
96	18	90
96	19	88
96	20	90
96	21	74
96	22	0
96	23	71
97	0	83
97	1	75
97	2	80
97	3	82
97	4	65
97	5	62
97	6	64
97	7	66
97	8	62
97	9	61
97	10	90
97	11	88
97	12	81
97	13	88
97	14	93
97	15	88
97	16	90
97	17	90
97	18	82
97	19	82
97	20	112
97	21	78
97	22	102
97	23	78
98	0	78
98	1	0
98	2	0
98	3	0
98	4	0
98	5	0
98	6	0
98	7	0
98	8	0
98	9	0
98	10	0
98	11	0
98	12	0
98	13	0
98	14	82
98	15	88
98	16	88
98	17	81
98	18	88
98	19	95
98	20	95
98	21	93
98	22	98
98	23	91
99	0	97
99	1	102
99	2	92
99	3	84
99	4	84
99	5	90
99	6	88
99	7	95
99	8	91
99	9	88
99	10	88
99	11	104
99	12	100
99	13	106
99	14	103
99	15	116
99	16	97
99	17	95
99	18	90
99	19	91
99	20	98
99	21	78
99	22	0
99	23	0
100	0	0
100	1	0
100	2	0
100	3	0
100	4	0
100	5	0
100	6	0
100	7	0
100	8	0
100	9	0
100	10	0
100	11	0
100	12	0
100	13	0
100	14	81
100	15	80
100	16	79
100	17	93
100	18	131
100	19	85
100	20	94
100	21	89
100	22	88
100	23	98
101	0	86
101	1	80
101	2	0
101	3	0
101	4	0
101	5	0
101	6	0
101	7	0
101	8	0
101	9	0
101	10	0
101	11	0
101	12	0
101	13	0
101	14	0
101	15	0
101	16	76
101	17	85
101	18	93
101	19	94
101	20	91
101	21	89
101	22	77
101	23	82
102	0	81
102	1	74
102	2	69
102	3	68
102	4	72
102	5	86
102	6	73
102	7	65
102	8	65
102	9	69
102	10	65
102	11	81
102	12	85
102	13	83
102	14	80
102	15	86
102	16	0
102	17	83
102	18	71
102	19	89
102	20	89
102	21	83
102	22	89
102	23	81
103	0	78
103	1	71
103	2	62
103	3	59
103	4	55
103	5	55
103	6	59
103	7	58
103	8	55
103	9	59
103	10	61
103	11	81
103	12	78
103	13	74
103	14	88
103	15	92
103	16	91
103	17	89
103	18	90
103	19	90
103	20	88
103	21	90
103	22	93
103	23	88
104	0	89
104	1	0
104	2	0
104	3	76
104	4	81
104	5	66
104	6	64
104	7	73
104	8	60
104	9	66
104	10	92
104	11	88
104	12	86
104	13	90
104	14	100
104	15	94
104	16	85
104	17	80
104	18	92
104	19	81
104	20	90
104	21	84
104	22	93
104	23	0
105	0	0
105	1	0
105	2	0
105	3	0
105	4	0
105	5	0
105	6	0
105	7	0
105	8	0
105	9	81
105	10	91
105	11	100
105	12	85
105	13	97
105	14	74
105	15	81
105	16	78
105	17	81
105	18	85
105	19	74
105	20	80
105	21	100
105	22	74
105	23	83
106	0	0
106	1	0
106	2	0
106	3	0
106	4	0
106	5	0
106	6	0
106	7	0
106	8	0
106	9	0
106	10	0
106	11	0
106	12	0
106	13	0
106	14	90
106	15	93
106	16	81
106	17	177
106	18	106
106	19	121
106	20	94
106	21	94
106	22	102
106	23	99
107	0	91
107	1	74
107	2	74
107	3	69
107	4	67
107	5	65
107	6	61
107	7	69
107	8	64
107	9	68
107	10	81
107	11	98
107	12	89
107	13	85
107	14	75
107	15	0
107	16	0
107	17	0
107	18	175
107	19	153
107	20	0
107	21	0
107	22	0
107	23	0
108	0	0
108	1	0
108	2	0
108	3	0
108	4	0
108	5	0
108	6	0
108	7	0
108	8	0
108	9	0
108	10	0
108	11	0
108	12	0
108	13	93
108	14	85
108	15	97
108	16	89
108	17	88
108	18	89
108	19	81
108	20	85
108	21	81
108	22	88
108	23	88
109	0	83
109	1	83
109	2	79
109	3	74
109	4	69
109	5	74
109	6	61
109	7	69
109	8	65
109	9	67
109	10	74
109	11	65
109	12	97
109	13	88
109	14	81
109	15	0
109	16	0
109	17	95
109	18	98
109	19	94
109	20	100
109	21	97
109	22	93
109	23	93
110	0	93
110	1	88
110	2	87
110	3	73
110	4	65
110	5	64
110	6	65
110	7	71
110	8	91
110	9	86
110	10	98
110	11	102
110	12	99
110	13	90
110	14	93
110	15	90
110	16	113
110	17	100
110	18	100
110	19	90
110	20	92
110	21	97
110	22	90
110	23	0
111	0	81
111	1	74
111	2	79
111	3	63
111	4	67
111	5	63
111	6	67
111	7	65
111	8	70
111	9	74
111	10	95
111	11	97
111	12	89
111	13	100
111	14	101
111	15	101
111	16	98
111	17	100
111	18	99
111	19	98
111	20	91
111	21	81
111	22	113
111	23	90
112	0	82
112	1	73
112	2	69
112	3	86
112	4	65
112	5	69
112	6	81
112	7	113
112	8	66
112	9	65
112	10	61
112	11	0
112	12	0
112	13	0
112	14	0
112	15	0
112	16	0
112	17	100
112	18	90
112	19	91
112	20	89
112	21	74
112	22	81
112	23	88
113	0	81
113	1	81
113	2	70
113	3	74
113	4	75
113	5	115
113	6	94
113	7	61
113	8	83
113	9	69
113	10	89
113	11	89
113	12	93
113	13	97
113	14	88
113	15	92
113	16	88
113	17	88
113	18	91
113	19	98
113	20	103
113	21	0
113	22	0
113	23	0
114	0	84
114	1	86
114	2	76
114	3	69
114	4	69
114	5	58
114	6	59
114	7	65
114	8	82
114	9	87
114	10	86
114	11	106
114	12	100
114	13	90
114	14	87
114	15	81
114	16	90
114	17	89
114	18	97
114	19	101
114	20	82
114	21	79
114	22	78
114	23	80
115	0	70
115	1	0
115	2	0
115	3	0
115	4	0
115	5	0
115	6	0
115	7	0
115	8	0
115	9	0
115	10	0
115	11	0
115	12	82
115	13	83
115	14	86
115	15	74
115	16	93
115	17	98
115	18	91
115	19	88
115	20	89
115	21	73
115	22	0
115	23	0
116	0	0
116	1	0
116	2	0
116	3	0
116	4	0
116	5	85
116	6	55
116	7	76
116	8	90
116	9	85
116	10	86
116	11	93
116	12	94
116	13	87
116	14	0
116	15	0
116	16	90
116	17	87
116	18	86
116	19	81
116	20	0
116	21	0
116	22	0
116	23	0
117	0	0
117	1	0
117	2	0
117	3	0
117	4	62
117	5	54
117	6	65
117	7	65
117	8	77
117	9	77
117	10	83
117	11	94
117	12	107
117	13	106
117	14	0
117	15	89
117	16	83
117	17	86
117	18	86
117	19	81
117	20	82
117	21	85
117	22	73
117	23	0
118	0	0
118	1	0
118	2	0
118	3	0
118	4	55
118	5	61
118	6	79
118	7	73
118	8	87
118	9	91
118	10	0
118	11	87
118	12	101
118	13	97
118	14	78
118	15	85
118	16	85
118	17	84
118	18	88
118	19	100
118	20	98
118	21	90
118	22	94
118	23	77
119	0	68
119	1	97
119	2	61
119	3	60
119	4	112
119	5	70
119	6	76
119	7	94
119	8	82
119	9	81
119	10	81
119	11	90
119	12	91
119	13	88
119	14	86
119	15	90
119	16	103
119	17	103
119	18	0
119	19	89
119	20	90
119	21	85
119	22	104
119	23	88
120	0	75
120	1	74
120	2	75
120	3	64
120	4	74
120	5	113
120	6	83
120	7	90
120	8	79
120	9	78
120	10	86
120	11	88
120	12	93
120	13	86
120	14	79
120	15	0
120	16	0
120	17	0
120	18	0
120	19	0
120	20	0
120	21	0
120	22	0
120	23	0
121	0	0
121	1	0
121	2	0
121	3	0
121	4	0
121	5	0
121	6	92
121	7	80
121	8	81
121	9	85
121	10	86
121	11	97
121	12	98
121	13	88
121	14	97
121	15	89
121	16	97
121	17	93
121	18	90
121	19	83
121	20	82
121	21	103
121	22	89
121	23	102
122	0	101
122	1	75
122	2	74
122	3	81
122	4	74
122	5	81
122	6	102
122	7	87
122	8	89
122	9	90
122	10	77
122	11	0
122	12	0
122	13	87
122	14	87
122	15	89
122	16	88
122	17	85
122	18	84
122	19	85
122	20	91
122	21	79
122	22	69
122	23	69
123	0	65
123	1	81
123	2	60
123	3	63
123	4	61
123	5	57
123	6	97
123	7	95
123	8	86
123	9	83
123	10	71
123	11	81
123	12	81
123	13	113
123	14	88
123	15	88
123	16	81
123	17	86
123	18	81
123	19	70
123	20	0
123	21	0
123	22	0
123	23	0
124	0	0
124	1	0
124	2	0
124	3	0
124	4	61
124	5	86
124	6	86
124	7	95
124	8	88
124	9	92
124	10	100
124	11	83
124	12	88
124	13	107
124	14	102
124	15	93
124	16	90
124	17	88
124	18	105
124	19	109
124	20	97
124	21	107
124	22	98
124	23	97
125	0	75
125	1	69
125	2	89
125	3	72
125	4	81
125	5	74
125	6	84
125	7	81
125	8	81
125	9	81
125	10	90
125	11	83
125	12	86
125	13	89
125	14	83
125	15	88
125	16	0
125	17	0
125	18	0
125	19	73
125	20	103
125	21	97
125	22	106
125	23	97
126	0	73
126	1	64
126	2	65
126	3	86
126	4	68
126	5	72
126	6	97
126	7	85
126	8	99
126	9	102
126	10	98
126	11	94
126	12	101
126	13	97
126	14	97
126	15	88
126	16	91
126	17	107
126	18	95
126	19	84
126	20	81
126	21	0
126	22	0
126	23	0
127	0	0
127	1	0
127	2	0
127	3	0
127	4	0
127	5	103
127	6	97
127	7	102
127	8	90
127	9	88
127	10	98
127	11	88
127	12	104
127	13	104
127	14	93
127	15	97
127	16	106
127	17	107
127	18	101
127	19	113
127	20	99
127	21	103
127	22	107
127	23	125
128	0	116
128	1	109
128	2	107
128	3	97
128	4	91
128	5	93
128	6	103
128	7	102
128	8	77
128	9	103
128	10	90
128	11	87
128	12	106
128	13	104
128	14	88
128	15	85
128	16	0
128	17	0
128	18	0
128	19	0
128	20	69
128	21	81
128	22	81
128	23	91
129	0	69
129	1	72
129	2	65
129	3	66
129	4	65
129	5	81
129	6	100
129	7	88
129	8	94
129	9	97
129	10	90
129	11	86
129	12	91
129	13	88
129	14	81
129	15	91
129	16	97
129	17	85
129	18	97
129	19	79
129	20	77
129	21	81
129	22	73
129	23	66
130	0	74
130	1	71
130	2	106
130	3	70
130	4	66
130	5	70
130	6	78
130	7	0
130	8	83
130	9	89
130	10	89
130	11	87
130	12	93
130	13	91
130	14	100
130	15	94
130	16	88
130	17	84
130	18	93
130	19	88
130	20	81
130	21	74
130	22	69
130	23	73
131	0	63
131	1	71
131	2	65
131	3	65
131	4	65
131	5	78
131	6	83
131	7	89
131	8	90
131	9	102
131	10	106
131	11	89
131	12	81
131	13	99
131	14	94
131	15	91
131	16	72
131	17	100
131	18	88
131	19	85
131	20	74
131	21	75
131	22	73
131	23	69
132	0	79
132	1	68
132	2	69
132	3	61
132	4	90
132	5	90
132	6	85
132	7	92
132	8	91
132	9	88
132	10	85
132	11	81
132	12	0
132	13	0
132	14	0
132	15	95
132	16	100
132	17	87
132	18	90
132	19	81
132	20	78
132	21	81
132	22	71
132	23	74
133	0	91
133	1	74
133	2	71
133	3	72
133	4	74
133	5	73
133	6	99
133	7	91
133	8	94
133	9	87
133	10	0
133	11	89
133	12	88
133	13	86
133	14	88
133	15	93
133	16	102
133	17	94
133	18	87
133	19	82
133	20	81
133	21	79
133	22	76
133	23	75
134	0	85
134	1	79
134	2	72
134	3	66
134	4	74
134	5	76
134	6	82
134	7	85
134	8	121
134	9	88
134	10	81
134	11	88
134	12	0
134	13	83
134	14	94
134	15	86
134	16	90
134	17	94
134	18	97
134	19	95
134	20	97
134	21	81
134	22	81
134	23	66
135	0	69
135	1	71
135	2	74
135	3	71
135	4	95
135	5	86
135	6	76
135	7	90
135	8	86
135	9	94
135	10	89
135	11	0
135	12	0
135	13	0
135	14	0
135	15	88
135	16	89
135	17	78
135	18	93
135	19	81
135	20	76
135	21	78
135	22	66
135	23	65
136	0	65
136	1	73
136	2	61
136	3	65
136	4	72
136	5	69
136	6	85
136	7	93
136	8	90
136	9	97
136	10	83
136	11	88
136	12	92
136	13	77
136	14	81
136	15	91
136	16	0
136	17	73
136	18	90
136	19	90
136	20	74
136	21	81
136	22	81
136	23	71
137	0	65
137	1	63
137	2	61
137	3	84
137	4	72
137	5	66
137	6	88
137	7	88
137	8	86
137	9	88
137	10	102
137	11	99
137	12	93
137	13	90
137	14	97
137	15	97
137	16	86
137	17	82
137	18	82
137	19	89
137	20	76
137	21	88
137	22	78
137	23	69
138	0	61
138	1	61
138	2	66
138	3	61
138	4	61
138	5	66
138	6	81
138	7	81
138	8	0
138	9	91
138	10	86
138	11	82
138	12	84
138	13	93
138	14	83
138	15	87
138	16	81
138	17	95
138	18	105
138	19	77
138	20	93
138	21	91
138	22	79
138	23	65
139	0	62
139	1	71
139	2	62
139	3	60
139	4	82
139	5	65
139	6	69
139	7	91
139	8	72
139	9	0
139	10	81
139	11	82
139	12	95
139	13	88
139	14	81
139	15	79
139	16	74
139	17	83
139	18	102
139	19	87
139	20	74
139	21	71
139	22	69
139	23	63
140	0	65
140	1	69
140	2	65
140	3	74
140	4	62
140	5	69
140	6	83
140	7	92
140	8	91
140	9	93
140	10	97
140	11	93
140	12	97
140	13	86
140	14	0
140	15	0
140	16	0
140	17	0
140	18	0
140	19	0
140	20	0
140	21	74
140	22	72
140	23	90
141	0	80
141	1	65
141	2	57
141	3	64
141	4	73
141	5	67
141	6	82
141	7	89
141	8	99
141	9	97
141	10	0
141	11	97
141	12	102
141	13	103
141	14	107
141	15	88
141	16	81
141	17	93
141	18	85
141	19	81
141	20	81
141	21	74
141	22	69
141	23	69
142	0	77
142	1	65
142	2	116
142	3	65
142	4	0
142	5	0
142	6	0
142	7	0
142	8	92
142	9	89
142	10	98
142	11	91
142	12	112
142	13	82
142	14	83
142	15	85
142	16	88
142	17	110
142	18	89
142	19	83
142	20	79
142	21	77
142	22	79
142	23	88
143	0	62
143	1	74
143	2	57
143	3	61
143	4	59
143	5	65
143	6	73
143	7	81
143	8	81
143	9	81
143	10	79
143	11	81
143	12	82
143	13	83
143	14	82
143	15	74
143	16	83
143	17	83
143	18	83
143	19	81
143	20	82
143	21	68
143	22	65
143	23	57
144	0	72
144	1	58
144	2	61
144	3	61
144	4	66
144	5	115
144	6	73
144	7	81
144	8	83
144	9	81
144	10	98
144	11	78
144	12	0
144	13	0
144	14	0
144	15	81
144	16	91
144	17	104
144	18	90
144	19	77
144	20	67
144	21	69
144	22	69
144	23	64
145	0	65
145	1	55
145	2	59
145	3	83
145	4	63
145	5	72
145	6	98
145	7	106
145	8	90
145	9	73
145	10	93
145	11	93
145	12	93
145	13	88
145	14	107
145	15	87
145	16	86
145	17	92
145	18	89
145	19	89
145	20	79
145	21	81
145	22	74
145	23	65
146	0	77
146	1	60
146	2	61
146	3	61
146	4	65
146	5	65
146	6	0
146	7	0
146	8	0
146	9	0
146	10	0
146	11	0
146	12	89
146	13	85
146	14	90
146	15	88
146	16	90
146	17	89
146	18	82
146	19	81
146	20	79
146	21	74
146	22	113
146	23	97
147	0	74
147	1	73
147	2	70
147	3	69
147	4	69
147	5	90
147	6	87
147	7	82
147	8	88
147	9	79
147	10	93
147	11	83
147	12	0
147	13	91
147	14	103
147	15	82
147	16	88
147	17	81
147	18	102
147	19	75
147	20	72
147	21	73
147	22	82
147	23	65
148	0	99
148	1	74
148	2	57
148	3	115
148	4	65
148	5	64
148	6	98
148	7	119
148	8	105
148	9	88
148	10	93
148	11	94
148	12	112
148	13	102
148	14	112
148	15	87
148	16	74
148	17	81
148	18	88
148	19	69
148	20	83
148	21	0
148	22	0
148	23	0
149	0	0
149	1	0
149	2	0
149	3	0
149	4	0
149	5	0
149	6	0
149	7	0
149	8	81
149	9	107
149	10	107
149	11	88
149	12	91
149	13	95
149	14	99
149	15	90
149	16	90
149	17	85
149	18	94
149	19	86
149	20	95
149	21	95
149	22	74
149	23	74
150	0	66
150	1	65
150	2	64
150	3	93
150	4	107
150	5	73
150	6	74
150	7	93
150	8	102
150	9	101
150	10	82
150	11	81
150	12	0
150	13	0
150	14	0
150	15	0
150	16	0
150	17	0
150	18	0
150	19	0
150	20	0
150	21	0
150	22	0
150	23	0
151	0	0
151	1	0
151	2	0
151	3	0
151	4	71
151	5	82
151	6	89
151	7	85
151	8	81
151	9	91
151	10	90
151	11	91
151	12	94
151	13	86
151	14	95
151	15	80
151	16	87
151	17	98
151	18	88
151	19	79
151	20	59
151	21	0
151	22	0
151	23	0
152	0	0
152	1	0
152	2	0
152	3	0
152	4	65
152	5	112
152	6	88
152	7	81
152	8	82
152	9	0
152	10	82
152	11	88
152	12	104
152	13	78
152	14	82
152	15	106
152	16	77
152	17	83
152	18	83
152	19	69
152	20	73
152	21	68
152	22	65
152	23	77
153	0	57
153	1	66
153	2	65
153	3	81
153	4	63
153	5	90
153	6	81
153	7	78
153	8	0
153	9	0
153	10	80
153	11	98
153	12	102
153	13	100
153	14	103
153	15	94
153	16	81
153	17	87
153	18	82
153	19	77
153	20	79
153	21	69
153	22	66
153	23	63
154	0	0
154	1	0
154	2	0
154	3	0
154	4	0
154	5	0
154	6	0
154	7	0
154	8	0
154	9	0
154	10	82
154	11	87
154	12	85
154	13	78
154	14	97
154	15	0
154	16	0
154	17	94
154	18	87
154	19	0
154	20	0
154	21	0
154	22	0
154	23	0
155	0	0
155	1	0
155	2	0
155	3	0
155	4	68
155	5	102
155	6	88
155	7	89
155	8	82
155	9	83
155	10	82
155	11	84
155	12	81
155	13	85
155	14	73
155	15	81
155	16	78
155	17	103
155	18	75
155	19	71
155	20	81
155	21	74
155	22	64
155	23	63
156	0	66
156	1	61
156	2	60
156	3	65
156	4	79
156	5	65
156	6	82
156	7	90
156	8	83
156	9	104
156	10	107
156	11	86
156	12	86
156	13	95
156	14	89
156	15	81
156	16	94
156	17	99
156	18	89
156	19	74
156	20	75
156	21	72
156	22	67
156	23	63
157	0	65
157	1	60
157	2	61
157	3	62
157	4	66
157	5	75
157	6	82
157	7	87
157	8	0
157	9	91
157	10	74
157	11	104
157	12	86
157	13	106
157	14	86
157	15	81
157	16	85
157	17	78
157	18	77
157	19	63
157	20	86
157	21	73
157	22	59
157	23	65
158	0	61
158	1	61
158	2	63
158	3	63
158	4	69
158	5	64
158	6	74
158	7	0
158	8	0
158	9	0
158	10	0
158	11	0
158	12	0
158	13	0
158	14	0
158	15	0
158	16	0
158	17	0
158	18	0
158	19	0
158	20	0
158	21	0
158	22	0
158	23	0
159	0	0
159	1	0
159	2	0
159	3	0
159	4	0
159	5	0
159	6	0
159	7	0
159	8	93
159	9	102
159	10	97
159	11	90
159	12	116
159	13	103
159	14	94
159	15	95
159	16	88
159	17	78
159	18	98
159	19	0
159	20	0
159	21	68
159	22	71
159	23	70
160	0	115
160	1	69
160	2	65
160	3	65
160	4	67
160	5	74
160	6	86
160	7	82
160	8	87
160	9	85
160	10	92
160	11	97
160	12	86
160	13	81
160	14	95
160	15	81
160	16	86
160	17	91
160	18	78
160	19	78
160	20	68
160	21	0
160	22	0
160	23	0
161	0	0
161	1	0
161	2	0
161	3	0
161	4	73
161	5	74
161	6	85
161	7	82
161	8	82
161	9	92
161	10	78
161	11	77
161	12	89
161	13	87
161	14	86
161	15	77
161	16	81
161	17	81
161	18	94
161	19	84
161	20	74
161	21	70
161	22	57
161	23	58
162	0	62
162	1	58
162	2	55
162	3	81
162	4	61
162	5	69
162	6	83
162	7	0
162	8	76
162	9	78
162	10	83
162	11	89
162	12	81
162	13	82
162	14	81
162	15	81
162	16	79
162	17	77
162	18	77
162	19	77
162	20	71
162	21	115
162	22	115
162	23	56
163	0	62
163	1	63
163	2	60
163	3	55
163	4	65
163	5	81
163	6	88
163	7	81
163	8	88
163	9	0
163	10	0
163	11	76
163	12	78
163	13	81
163	14	0
163	15	92
163	16	101
163	17	87
163	18	82
163	19	95
163	20	74
163	21	73
163	22	70
163	23	65
164	0	74
164	1	65
164	2	61
164	3	77
164	4	67
164	5	74
164	6	89
164	7	102
164	8	90
164	9	95
164	10	90
164	11	83
164	12	113
164	13	78
164	14	80
164	15	90
164	16	82
164	17	81
164	18	77
164	19	0
164	20	0
164	21	0
164	22	0
164	23	0
165	0	0
165	1	0
165	2	0
165	3	0
165	4	76
165	5	63
165	6	83
165	7	89
165	8	89
165	9	89
165	10	83
165	11	81
165	12	86
165	13	92
165	14	81
165	15	85
165	16	102
165	17	90
165	18	90
165	19	81
165	20	71
165	21	75
165	22	74
165	23	90
166	0	83
166	1	60
166	2	61
166	3	61
166	4	62
166	5	61
166	6	70
166	7	88
166	8	77
166	9	0
166	10	89
166	11	91
166	12	94
166	13	95
166	14	93
166	15	90
166	16	93
166	17	80
166	18	90
166	19	66
166	20	62
166	21	63
166	22	65
166	23	62
167	0	61
167	1	97
167	2	63
167	3	66
167	4	67
167	5	69
167	6	85
167	7	81
167	8	80
167	9	82
167	10	83
167	11	91
167	12	88
167	13	86
167	14	86
167	15	82
167	16	87
167	17	0
167	18	0
167	19	0
167	20	0
167	21	65
167	22	65
167	23	65
168	0	66
168	1	59
168	2	78
168	3	61
168	4	58
168	5	65
168	6	81
168	7	99
168	8	88
168	9	91
168	10	79
168	11	90
168	12	85
168	13	93
168	14	88
168	15	89
168	16	87
168	17	89
168	18	81
168	19	73
168	20	74
168	21	67
168	22	62
168	23	62
169	0	60
169	1	91
169	2	57
169	3	62
169	4	61
169	5	64
169	6	74
169	7	89
169	8	0
169	9	0
169	10	84
169	11	91
169	12	91
169	13	95
169	14	0
169	15	93
169	16	97
169	17	0
169	18	82
169	19	97
169	20	78
169	21	78
169	22	75
169	23	69
170	0	72
170	1	81
170	2	79
170	3	180
170	4	90
170	5	98
170	6	83
170	7	0
170	8	81
170	9	86
170	10	82
170	11	88
170	12	88
170	13	92
170	14	82
170	15	83
170	16	89
170	17	86
170	18	79
170	19	81
170	20	66
170	21	72
170	22	69
170	23	83
171	0	67
171	1	66
171	2	64
171	3	65
171	4	66
171	5	65
171	6	81
171	7	85
171	8	89
171	9	93
171	10	98
171	11	81
171	12	95
171	13	85
171	14	95
171	15	81
171	16	86
171	17	86
171	18	77
171	19	72
171	20	77
171	21	72
171	22	74
171	23	80
172	0	91
172	1	78
172	2	65
172	3	62
172	4	61
172	5	0
172	6	0
172	7	0
172	8	0
172	9	0
172	10	0
172	11	0
172	12	85
172	13	89
172	14	81
172	15	76
172	16	89
172	17	94
172	18	87
172	19	81
172	20	82
172	21	77
172	22	0
172	23	0
173	0	62
173	1	107
173	2	65
173	3	60
173	4	65
173	5	112
173	6	97
173	7	89
173	8	77
173	9	72
173	10	87
173	11	90
173	12	89
173	13	83
173	14	87
173	15	91
173	16	91
173	17	89
173	18	78
173	19	78
173	20	81
173	21	74
173	22	73
173	23	69
174	0	66
174	1	106
174	2	104
174	3	59
174	4	73
174	5	69
174	6	79
174	7	78
174	8	0
174	9	0
174	10	0
174	11	0
174	12	89
174	13	81
174	14	100
174	15	83
174	16	78
174	17	74
174	18	77
174	19	82
174	20	81
174	21	79
174	22	64
174	23	63
175	0	61
175	1	61
175	2	116
175	3	58
175	4	65
175	5	61
175	6	69
175	7	90
175	8	119
175	9	98
175	10	90
175	11	82
175	12	79
175	13	83
175	14	87
175	15	95
175	16	138
175	17	100
175	18	94
175	19	92
175	20	81
175	21	90
175	22	81
175	23	65
176	0	62
176	1	65
176	2	64
176	3	65
176	4	61
176	5	65
176	6	100
176	7	89
176	8	88
176	9	94
176	10	90
176	11	81
176	12	90
176	13	89
176	14	73
176	15	77
176	16	82
176	17	93
176	18	77
176	19	79
176	20	88
176	21	92
176	22	83
176	23	76
177	0	60
177	1	58
177	2	54
177	3	57
177	4	55
177	5	61
177	6	95
177	7	91
177	8	89
177	9	110
177	10	93
177	11	111
177	12	93
177	13	0
177	14	81
177	15	79
177	16	106
177	17	88
177	18	89
177	19	81
177	20	90
177	21	94
177	22	86
177	23	0
178	0	0
178	1	0
178	2	0
178	3	0
178	4	0
178	5	0
178	6	0
178	7	0
178	8	0
178	9	99
178	10	98
178	11	93
178	12	86
178	13	95
178	14	83
178	15	81
178	16	79
178	17	83
178	18	89
178	19	75
178	20	74
178	21	75
178	22	65
178	23	61
179	0	59
179	1	56
179	2	78
179	3	57
179	4	61
179	5	74
179	6	102
179	7	91
179	8	97
179	9	91
179	10	87
179	11	81
179	12	81
179	13	83
179	14	88
179	15	83
179	16	0
179	17	0
179	18	0
179	19	0
179	20	0
179	21	0
179	22	61
179	23	60
180	0	119
180	1	116
180	2	121
180	3	121
180	4	57
180	5	74
180	6	91
180	7	81
180	8	99
180	9	90
180	10	93
180	11	82
180	12	114
180	13	80
180	14	87
180	15	100
180	16	84
180	17	89
180	18	77
180	19	75
180	20	61
180	21	78
180	22	61
180	23	70
181	0	61
181	1	87
181	2	54
181	3	60
181	4	65
181	5	72
181	6	69
181	7	76
181	8	94
181	9	94
181	10	86
181	11	88
181	12	82
181	13	81
181	14	90
181	15	82
181	16	85
181	17	81
181	18	75
181	19	78
181	20	65
181	21	64
181	22	77
181	23	63
182	0	60
182	1	55
182	2	65
182	3	58
182	4	61
182	5	64
182	6	74
182	7	82
182	8	85
182	9	84
182	10	90
182	11	80
182	12	93
182	13	82
182	14	90
182	15	91
182	16	99
182	17	82
182	18	86
182	19	74
182	20	71
182	21	74
182	22	80
182	23	73
183	0	69
183	1	69
183	2	63
183	3	59
183	4	64
183	5	71
183	6	67
183	7	83
183	8	91
183	9	0
183	10	0
183	11	0
183	12	82
183	13	77
183	14	88
183	15	88
183	16	84
183	17	194
183	18	174
183	19	92
183	20	89
183	21	88
183	22	72
183	23	69
184	0	65
184	1	65
184	2	61
184	3	70
184	4	63
184	5	68
184	6	100
184	7	93
184	8	0
184	9	88
184	10	88
184	11	82
184	12	89
184	13	89
184	14	84
184	15	88
184	16	82
184	17	82
184	18	85
184	19	97
184	20	78
184	21	81
184	22	107
184	23	77
185	0	77
185	1	68
185	2	61
185	3	61
185	4	88
185	5	69
185	6	74
185	7	78
185	8	103
185	9	97
185	10	100
185	11	93
185	12	100
185	13	90
185	14	85
185	15	85
185	16	89
185	17	92
185	18	92
185	19	83
185	20	69
185	21	0
185	22	0
185	23	0
186	0	0
186	1	0
186	2	0
186	3	0
186	4	64
186	5	65
186	6	73
186	7	88
186	8	90
186	9	89
186	10	87
186	11	90
186	12	99
186	13	101
186	14	78
186	15	83
186	16	97
186	17	100
186	18	83
186	19	0
186	20	0
186	21	0
186	22	0
186	23	0
187	0	0
187	1	0
187	2	0
187	3	0
187	4	0
187	5	0
187	6	0
187	7	0
187	8	87
187	9	88
187	10	88
187	11	85
187	12	90
187	13	89
187	14	90
187	15	97
187	16	101
187	17	0
187	18	95
187	19	79
187	20	79
187	21	89
187	22	75
187	23	69
188	0	65
188	1	62
188	2	61
188	3	61
188	4	65
188	5	119
188	6	89
188	7	104
188	8	89
188	9	89
188	10	94
188	11	94
188	12	86
188	13	73
188	14	0
188	15	0
188	16	0
188	17	0
188	18	0
188	19	0
188	20	0
188	21	0
188	22	0
188	23	0
189	0	0
189	1	0
189	2	0
189	3	0
189	4	69
189	5	88
189	6	88
189	7	99
189	8	97
189	9	81
189	10	86
189	11	97
189	12	90
189	13	102
189	14	88
189	15	90
189	16	91
189	17	116
189	18	85
189	19	0
189	20	0
189	21	0
189	22	0
189	23	0
190	0	0
190	1	0
190	2	0
190	3	0
190	4	0
190	5	129
190	6	88
190	7	89
190	8	0
190	9	0
190	10	0
190	11	89
190	12	94
190	13	93
190	14	90
190	15	68
190	16	67
190	17	77
190	18	80
190	19	74
190	20	82
190	21	81
190	22	69
190	23	69
191	0	95
191	1	80
191	2	81
191	3	85
191	4	91
191	5	94
191	6	87
191	7	88
191	8	95
191	9	95
191	10	82
191	11	88
191	12	89
191	13	86
191	14	98
191	15	0
191	16	97
191	17	91
191	18	90
191	19	0
191	20	0
191	21	0
191	22	0
191	23	0
192	0	0
192	1	0
192	2	0
192	3	0
192	4	0
192	5	0
192	6	0
192	7	0
192	8	0
192	9	0
192	10	0
192	11	0
192	12	0
192	13	0
192	14	0
192	15	81
192	16	88
192	17	102
192	18	87
192	19	99
192	20	88
192	21	77
192	22	86
192	23	88
193	0	89
193	1	82
193	2	74
193	3	72
193	4	68
193	5	81
193	6	71
193	7	54
193	8	81
193	9	99
193	10	87
193	11	95
193	12	99
193	13	87
193	14	97
193	15	98
193	16	0
193	17	0
193	18	0
193	19	0
193	20	0
193	21	0
193	22	0
193	23	0
194	0	0
194	1	0
194	2	0
194	3	0
194	4	0
194	5	0
194	6	0
194	7	0
194	8	83
194	9	82
194	10	81
194	11	93
194	12	100
194	13	95
194	14	98
194	15	77
194	16	89
194	17	89
194	18	98
194	19	87
194	20	99
194	21	81
194	22	89
194	23	90
195	0	83
195	1	77
195	2	65
195	3	65
195	4	74
195	5	61
195	6	78
195	7	65
195	8	62
195	9	75
195	10	88
195	11	78
195	12	103
195	13	94
195	14	92
195	15	98
195	16	90
195	17	87
195	18	91
195	19	88
195	20	81
195	21	94
195	22	88
195	23	90
196	0	81
196	1	82
196	2	0
196	3	0
196	4	0
196	5	0
196	6	74
196	7	94
196	8	98
196	9	107
196	10	97
196	11	93
196	12	98
196	13	99
196	14	95
196	15	92
196	16	98
196	17	94
196	18	106
196	19	106
196	20	100
196	21	90
196	22	94
196	23	82
197	0	0
197	1	0
197	2	0
197	3	0
197	4	0
197	5	0
197	6	0
197	7	0
197	8	0
197	9	0
197	10	0
197	11	93
197	12	101
197	13	95
197	14	79
197	15	87
197	16	89
197	17	84
197	18	83
197	19	88
197	20	88
197	21	81
197	22	0
197	23	0
198	0	0
198	1	0
198	2	0
198	3	0
198	4	0
198	5	0
198	6	0
198	7	0
198	8	85
198	9	93
198	10	95
198	11	114
198	12	83
198	13	88
198	14	102
198	15	87
198	16	99
198	17	87
198	18	80
198	19	90
198	20	87
198	21	81
198	22	73
198	23	66
199	0	0
199	1	0
199	2	0
199	3	0
199	4	0
199	5	0
199	6	0
199	7	0
199	8	0
199	9	0
199	10	0
199	11	81
199	12	89
199	13	80
199	14	93
199	15	84
199	16	81
199	17	88
199	18	90
199	19	78
199	20	74
199	21	67
199	22	92
199	23	0
200	0	0
200	1	0
200	2	0
200	3	0
200	4	0
200	5	0
200	6	0
200	7	0
200	8	89
200	9	94
200	10	89
200	11	97
200	12	90
200	13	94
200	14	94
200	15	94
200	16	100
200	17	98
200	18	91
200	19	86
200	20	81
200	21	113
200	22	82
200	23	56
201	0	61
201	1	57
201	2	50
201	3	62
201	4	88
201	5	113
201	6	88
201	7	87
201	8	91
201	9	117
201	10	99
201	11	87
201	12	91
201	13	86
201	14	90
201	15	103
201	16	88
201	17	83
201	18	75
201	19	0
201	20	0
201	21	0
201	22	0
201	23	0
202	0	0
202	1	0
202	2	0
202	3	0
202	4	0
202	5	0
202	6	0
202	7	0
202	8	0
202	9	88
202	10	84
202	11	90
202	12	86
202	13	90
202	14	82
202	15	88
202	16	91
202	17	88
202	18	91
202	19	95
202	20	75
202	21	74
202	22	0
202	23	114
203	0	121
203	1	85
203	2	73
203	3	64
203	4	68
203	5	88
203	6	91
203	7	88
203	8	88
203	9	98
203	10	89
203	11	88
203	12	103
203	13	95
203	14	97
203	15	86
203	16	90
203	17	86
203	18	82
203	19	77
203	20	0
203	21	0
203	22	0
203	23	0
204	0	0
204	1	0
204	2	0
204	3	0
204	4	0
204	5	0
204	6	0
204	7	0
204	8	94
204	9	83
204	10	94
204	11	91
204	12	90
204	13	89
204	14	93
204	15	91
204	16	78
204	17	90
204	18	78
204	19	85
204	20	78
204	21	88
204	22	0
204	23	0
205	0	0
205	1	0
205	2	0
205	3	0
205	4	0
205	5	0
205	6	0
205	7	83
205	8	83
205	9	85
205	10	100
205	11	82
205	12	91
205	13	97
205	14	87
205	15	90
205	16	91
205	17	74
205	18	69
205	19	86
205	20	74
205	21	81
205	22	78
205	23	65
206	0	82
206	1	58
206	2	58
206	3	57
206	4	59
206	5	81
206	6	66
206	7	88
206	8	87
206	9	103
206	10	85
206	11	76
206	12	90
206	13	79
206	14	78
206	15	81
206	16	77
206	17	71
206	18	0
206	19	0
206	20	0
206	21	0
206	22	0
206	23	0
207	0	0
207	1	0
207	2	0
207	3	0
207	4	82
207	5	72
207	6	119
207	7	89
207	8	103
207	9	116
207	10	102
207	11	88
207	12	125
207	13	105
207	14	91
207	15	86
207	16	94
207	17	70
207	18	85
207	19	0
207	20	0
207	21	0
207	22	0
207	23	0
208	0	0
208	1	0
208	2	0
208	3	0
208	4	0
208	5	0
208	6	0
208	7	0
208	8	82
208	9	100
208	10	90
208	11	88
208	12	86
208	13	89
208	14	88
208	15	76
208	16	86
208	17	88
208	18	89
208	19	84
208	20	81
208	21	74
208	22	81
208	23	61
209	0	118
209	1	119
209	2	65
209	3	64
209	4	83
209	5	70
209	6	79
209	7	90
209	8	97
209	9	113
209	10	0
209	11	0
209	12	81
209	13	83
209	14	76
209	15	87
209	16	82
209	17	82
209	18	83
209	19	113
209	20	0
209	21	0
209	22	0
209	23	0
210	0	0
210	1	0
210	2	0
210	3	0
210	4	0
210	5	0
210	6	0
210	7	0
210	8	81
210	9	97
210	10	87
210	11	89
210	12	91
210	13	103
210	14	97
210	15	84
210	16	81
210	17	89
210	18	91
210	19	86
210	20	91
210	21	90
210	22	0
210	23	0
211	0	0
211	1	0
211	2	0
211	3	0
211	4	0
211	5	0
211	6	0
211	7	0
211	8	0
211	9	81
211	10	84
211	11	82
211	12	79
211	13	90
211	14	83
211	15	74
211	16	75
211	17	94
211	18	78
211	19	71
211	20	68
211	21	60
211	22	54
211	23	99
212	0	54
212	1	56
212	2	56
212	3	56
212	4	60
212	5	56
212	6	90
212	7	81
212	8	83
212	9	86
212	10	88
212	11	91
212	12	97
212	13	90
212	14	89
212	15	97
212	16	95
212	17	77
212	18	83
212	19	91
212	20	74
212	21	65
212	22	119
212	23	70
213	0	70
213	1	69
213	2	129
213	3	63
213	4	94
213	5	114
213	6	95
213	7	88
213	8	81
213	9	103
213	10	86
213	11	106
213	12	83
213	13	99
213	14	87
213	15	91
213	16	81
213	17	81
213	18	83
213	19	78
213	20	80
213	21	0
213	22	0
213	23	0
214	0	0
214	1	0
214	2	0
214	3	0
214	4	0
214	5	0
214	6	78
214	7	81
214	8	88
214	9	0
214	10	97
214	11	81
214	12	86
214	13	94
214	14	107
214	15	88
214	16	81
214	17	88
214	18	90
214	19	93
214	20	89
214	21	77
214	22	76
214	23	91
215	0	98
215	1	86
215	2	93
215	3	82
215	4	81
215	5	80
215	6	89
215	7	81
215	8	87
215	9	81
215	10	65
215	11	65
215	12	88
215	13	88
215	14	94
215	15	93
215	16	77
215	17	73
215	18	65
215	19	69
215	20	65
215	21	74
215	22	69
215	23	90
216	0	90
216	1	88
216	2	91
216	3	88
216	4	85
216	5	89
216	6	97
216	7	87
216	8	89
216	9	95
216	10	93
216	11	86
216	12	95
216	13	88
216	14	78
216	15	87
216	16	0
216	17	0
216	18	0
216	19	0
216	20	0
216	21	0
216	22	0
216	23	0
217	0	85
217	1	81
217	2	0
217	3	0
217	4	0
217	5	0
217	6	0
217	7	0
217	8	0
217	9	0
217	10	0
217	11	0
217	12	102
217	13	99
217	14	103
217	15	106
217	16	0
217	17	0
217	18	0
217	19	0
217	20	0
217	21	0
217	22	0
217	23	0
218	0	100
218	1	88
218	2	90
218	3	89
218	4	82
218	5	92
218	6	90
218	7	89
218	8	95
218	9	97
218	10	89
218	11	86
218	12	93
218	13	90
218	14	92
218	15	0
218	16	0
218	17	0
218	18	0
218	19	0
218	20	0
218	21	0
218	22	0
218	23	0
219	0	95
219	1	93
219	2	97
219	3	97
219	4	109
219	5	90
219	6	94
219	7	95
219	8	93
219	9	100
219	10	83
219	11	83
219	12	90
219	13	95
219	14	0
219	15	0
219	16	0
219	17	0
219	18	0
219	19	0
219	20	0
219	21	0
219	22	0
219	23	90
220	0	99
220	1	102
220	2	103
220	3	104
220	4	91
220	5	90
220	6	89
220	7	90
220	8	99
220	9	107
220	10	112
220	11	108
220	12	97
220	13	0
220	14	0
220	15	0
220	16	0
220	17	0
220	18	0
220	19	0
220	20	0
220	21	0
220	22	0
220	23	0
221	0	0
221	1	0
221	2	0
221	3	82
221	4	83
221	5	83
221	6	85
221	7	91
221	8	94
221	9	84
221	10	82
221	11	87
221	12	78
221	13	74
221	14	0
221	15	0
221	16	0
221	17	0
221	18	0
221	19	0
221	20	0
221	21	0
221	22	0
221	23	0
222	0	91
222	1	92
222	2	85
222	3	90
222	4	84
222	5	97
222	6	97
222	7	97
222	8	97
222	9	102
222	10	104
222	11	0
222	12	0
222	13	0
222	14	0
222	15	0
222	16	0
222	17	0
222	18	0
222	19	0
222	20	0
222	21	0
222	22	0
222	23	0
223	0	0
223	1	0
223	2	0
223	3	0
223	4	0
223	5	102
223	6	98
223	7	98
223	8	94
223	9	95
223	10	114
223	11	110
223	12	103
223	13	88
223	14	0
223	15	0
223	16	0
223	17	0
223	18	0
223	19	0
223	20	0
223	21	0
223	22	0
223	23	0
224	0	0
224	1	97
224	2	95
224	3	90
224	4	84
224	5	91
224	6	82
224	7	88
224	8	88
224	9	89
224	10	97
224	11	97
224	12	88
224	13	87
224	14	0
224	15	0
224	16	0
224	17	0
224	18	0
224	19	0
224	20	0
224	21	0
224	22	0
224	23	0
225	0	0
225	1	0
225	2	0
225	3	81
225	4	87
225	5	88
225	6	85
225	7	85
225	8	88
225	9	79
225	10	89
225	11	84
225	12	86
225	13	91
225	14	93
225	15	74
225	16	73
225	17	69
225	18	93
225	19	106
225	20	67
225	21	80
225	22	76
225	23	79
226	0	90
226	1	72
226	2	83
226	3	99
226	4	89
226	5	82
226	6	89
226	7	101
226	8	87
226	9	97
226	10	87
226	11	85
226	12	90
226	13	104
226	14	81
226	15	69
226	16	95
226	17	70
226	18	67
226	19	65
226	20	72
226	21	73
226	22	70
226	23	70
227	0	103
227	1	106
227	2	101
227	3	91
227	4	83
227	5	88
227	6	97
227	7	93
227	8	92
227	9	83
227	10	103
227	11	83
227	12	92
227	13	0
227	14	0
227	15	0
227	16	0
227	17	0
227	18	0
227	19	0
227	20	0
227	21	0
227	22	74
227	23	81
228	0	95
228	1	100
228	2	95
228	3	98
228	4	90
228	5	97
228	6	106
228	7	92
228	8	94
228	9	83
228	10	88
228	11	97
228	12	98
228	13	0
228	14	0
228	15	0
228	16	0
228	17	0
228	18	0
228	19	0
228	20	0
228	21	0
228	22	0
228	23	0
229	0	89
229	1	90
229	2	95
229	3	98
229	4	89
229	5	92
229	6	88
229	7	89
229	8	99
229	9	97
229	10	93
229	11	89
229	12	95
229	13	86
229	14	82
229	15	77
229	16	87
229	17	74
229	18	69
229	19	72
229	20	69
229	21	69
229	22	66
229	23	88
230	0	91
230	1	93
230	2	89
230	3	102
230	4	102
230	5	97
230	6	97
230	7	95
230	8	94
230	9	103
230	10	105
230	11	89
230	12	97
230	13	0
230	14	0
230	15	0
230	16	0
230	17	0
230	18	0
230	19	0
230	20	0
230	21	0
230	22	0
230	23	76
231	0	95
231	1	97
231	2	94
231	3	92
231	4	101
231	5	88
231	6	101
231	7	91
231	8	85
231	9	0
231	10	0
231	11	0
231	12	92
231	13	88
231	14	86
231	15	78
231	16	81
231	17	71
231	18	69
231	19	71
231	20	71
231	21	69
231	22	88
231	23	88
232	0	0
232	1	105
232	2	91
232	3	102
232	4	91
232	5	93
232	6	95
232	7	94
232	8	91
232	9	100
232	10	100
232	11	106
232	12	88
232	13	83
232	14	85
232	15	76
232	16	76
232	17	78
232	18	69
232	19	65
232	20	76
232	21	81
232	22	74
232	23	90
233	0	0
233	1	98
233	2	88
233	3	0
233	4	0
233	5	0
233	6	0
233	7	0
233	8	0
233	9	0
233	10	99
233	11	129
233	12	91
233	13	88
233	14	87
233	15	71
233	16	72
233	17	70
233	18	69
233	19	69
233	20	69
233	21	68
233	22	69
233	23	81
234	0	94
234	1	88
234	2	95
234	3	102
234	4	87
234	5	94
234	6	102
234	7	95
234	8	83
234	9	85
234	10	84
234	11	0
234	12	0
234	13	0
234	14	0
234	15	0
234	16	0
234	17	0
234	18	0
234	19	0
234	20	0
234	21	0
234	22	0
234	23	0
235	0	0
235	1	90
235	2	95
235	3	89
235	4	90
235	5	88
235	6	91
235	7	90
235	8	88
235	9	84
235	10	85
235	11	81
235	12	95
235	13	81
235	14	73
235	15	92
235	16	65
235	17	65
235	18	79
235	19	65
235	20	69
235	21	64
235	22	63
235	23	81
236	0	88
236	1	97
236	2	94
236	3	95
236	4	90
236	5	97
236	6	94
236	7	92
236	8	93
236	9	88
236	10	85
236	11	98
236	12	85
236	13	151
236	14	0
236	15	0
236	16	0
236	17	0
236	18	0
236	19	0
236	20	0
236	21	0
236	22	0
236	23	93
237	0	92
237	1	93
237	2	88
237	3	88
237	4	85
237	5	103
237	6	94
237	7	97
237	8	95
237	9	93
237	10	102
237	11	94
237	12	86
237	13	81
237	14	77
237	15	81
237	16	91
237	17	81
237	18	73
237	19	81
237	20	75
237	21	68
237	22	73
237	23	121
238	0	91
238	1	102
238	2	95
238	3	105
238	4	81
238	5	89
238	6	91
238	7	99
238	8	101
238	9	95
238	10	97
238	11	100
238	12	89
238	13	89
238	14	93
238	15	81
238	16	71
238	17	78
238	18	94
238	19	0
238	20	0
238	21	0
238	22	0
238	23	0
239	0	0
239	1	86
239	2	85
239	3	81
239	4	92
239	5	94
239	6	83
239	7	88
239	8	83
239	9	85
239	10	88
239	11	103
239	12	95
239	13	89
239	14	92
239	15	94
239	16	82
239	17	83
239	18	89
239	19	75
239	20	74
239	21	75
239	22	63
239	23	65
240	0	66
240	1	74
240	2	74
240	3	74
240	4	66
240	5	0
240	6	0
240	7	0
240	8	88
240	9	91
240	10	81
240	11	89
240	12	95
240	13	88
240	14	93
240	15	74
240	16	82
240	17	83
240	18	76
240	19	81
240	20	69
240	21	72
240	22	66
240	23	74
241	0	65
241	1	69
241	2	82
241	3	81
241	4	74
241	5	73
241	6	0
241	7	86
241	8	93
241	9	88
241	10	90
241	11	82
241	12	89
241	13	84
241	14	82
241	15	86
241	16	78
241	17	74
241	18	0
241	19	78
241	20	78
241	21	76
241	22	65
241	23	66
242	0	65
242	1	68
242	2	88
242	3	121
242	4	82
242	5	78
242	6	91
242	7	77
242	8	0
242	9	88
242	10	78
242	11	79
242	12	86
242	13	94
242	14	81
242	15	95
242	16	81
242	17	75
242	18	88
242	19	62
242	20	66
242	21	64
242	22	70
242	23	61
243	0	61
243	1	61
243	2	63
243	3	72
243	4	81
243	5	86
243	6	82
243	7	0
243	8	78
243	9	82
243	10	89
243	11	93
243	12	89
243	13	101
243	14	88
243	15	85
243	16	83
243	17	82
243	18	91
243	19	67
243	20	70
243	21	104
243	22	61
243	23	102
244	0	114
244	1	64
244	2	94
244	3	69
244	4	65
244	5	70
244	6	97
244	7	89
244	8	81
244	9	95
244	10	90
244	11	86
244	12	86
244	13	89
244	14	104
244	15	92
244	16	88
244	17	90
244	18	88
244	19	99
244	20	94
244	21	89
244	22	88
244	23	0
245	0	0
245	1	0
245	2	0
245	3	0
245	4	0
245	5	0
245	6	81
245	7	90
245	8	89
245	9	97
245	10	91
245	11	104
245	12	90
245	13	85
245	14	93
245	15	85
245	16	83
245	17	93
245	18	87
245	19	89
245	20	88
245	21	94
245	22	69
245	23	73
246	0	89
246	1	74
246	2	69
246	3	69
246	4	88
246	5	68
246	6	69
246	7	88
246	8	84
246	9	93
246	10	90
246	11	92
246	12	92
246	13	89
246	14	82
246	15	89
246	16	95
246	17	88
246	18	93
246	19	90
246	20	78
246	21	82
246	22	73
246	23	65
247	0	66
247	1	61
247	2	61
247	3	94
247	4	74
247	5	89
247	6	79
247	7	90
247	8	0
247	9	0
247	10	0
247	11	0
247	12	81
247	13	82
247	14	83
247	15	80
247	16	65
247	17	83
247	18	77
247	19	86
247	20	82
247	21	67
247	22	65
247	23	61
248	0	58
248	1	56
248	2	60
248	3	58
248	4	54
248	5	85
248	6	89
248	7	91
248	8	88
248	9	99
248	10	97
248	11	84
248	12	89
248	13	91
248	14	91
248	15	91
248	16	88
248	17	92
248	18	90
248	19	102
248	20	116
248	21	74
248	22	65
248	23	0
249	0	0
249	1	0
249	2	0
249	3	0
249	4	0
249	5	0
249	6	0
249	7	0
249	8	165
249	9	89
249	10	104
249	11	94
249	12	88
249	13	97
249	14	102
249	15	85
249	16	97
249	17	89
249	18	89
249	19	85
249	20	103
249	21	75
249	22	0
249	23	0
250	0	0
250	1	0
250	2	0
250	3	0
250	4	0
250	5	0
250	6	0
250	7	0
250	8	0
250	9	0
250	10	81
250	11	97
250	12	94
250	13	90
250	14	94
250	15	103
250	16	119
250	17	94
250	18	88
250	19	71
250	20	73
250	21	75
250	22	74
250	23	65
251	0	65
251	1	59
251	2	62
251	3	56
251	4	59
251	5	61
251	6	180
251	7	186
251	8	105
251	9	100
251	10	97
251	11	101
251	12	106
251	13	93
251	14	81
251	15	100
251	16	99
251	17	101
251	18	83
251	19	90
251	20	71
251	21	0
251	22	0
251	23	0
252	0	0
252	1	0
252	2	0
252	3	0
252	4	0
252	5	0
252	6	0
252	7	0
252	8	82
252	9	79
252	10	81
252	11	82
252	12	82
252	13	83
252	14	91
252	15	92
252	16	98
252	17	109
252	18	79
252	19	89
252	20	90
252	21	74
252	22	69
252	23	67
253	0	65
253	1	114
253	2	66
253	3	103
253	4	89
253	5	74
253	6	65
253	7	74
253	8	85
253	9	80
253	10	78
253	11	82
253	12	119
253	13	97
253	14	102
253	15	83
253	16	83
253	17	97
253	18	101
253	19	91
253	20	90
253	21	87
253	22	79
253	23	83
254	0	97
254	1	61
254	2	81
254	3	62
254	4	112
254	5	99
254	6	61
254	7	74
254	8	65
254	9	93
254	10	85
254	11	80
254	12	82
254	13	61
254	14	90
254	15	81
254	16	88
254	17	87
254	18	89
254	19	88
254	20	87
254	21	71
254	22	74
254	23	78
255	0	76
255	1	63
255	2	61
255	3	56
255	4	57
255	5	53
255	6	79
255	7	81
255	8	86
255	9	67
255	10	79
255	11	83
255	12	81
255	13	0
255	14	0
255	15	84
255	16	89
255	17	180
255	18	133
255	19	83
255	20	88
255	21	68
255	22	74
255	23	64
256	0	0
256	1	0
256	2	0
256	3	0
256	4	0
256	5	0
256	6	0
256	7	0
256	8	0
256	9	98
256	10	84
256	11	94
256	12	89
256	13	103
256	14	90
256	15	91
256	16	91
256	17	89
256	18	205
256	19	92
256	20	86
256	21	89
256	22	74
256	23	0
257	0	0
257	1	0
257	2	0
257	3	0
257	4	0
257	5	0
257	6	0
257	7	65
257	8	81
257	9	81
257	10	91
257	11	81
257	12	88
257	13	102
257	14	97
257	15	95
257	16	0
257	17	183
257	18	179
257	19	89
257	20	93
257	21	74
257	22	75
257	23	0
258	0	0
258	1	0
258	2	0
258	3	0
258	4	0
258	5	0
258	6	0
258	7	0
258	8	0
258	9	97
258	10	97
258	11	97
258	12	90
258	13	81
258	14	90
258	15	86
258	16	90
258	17	84
258	18	177
258	19	111
258	20	89
258	21	79
258	22	72
258	23	0
259	0	0
259	1	0
259	2	0
259	3	0
259	4	0
259	5	0
259	6	0
259	7	0
259	8	0
259	9	82
259	10	82
259	11	92
259	12	89
259	13	81
259	14	95
259	15	83
259	16	74
259	17	92
259	18	90
259	19	82
259	20	79
259	21	81
259	22	89
259	23	0
260	0	0
260	1	0
260	2	0
260	3	0
260	4	0
260	5	0
260	6	0
260	7	0
260	8	0
260	9	86
260	10	86
260	11	109
260	12	103
260	13	99
260	14	105
260	15	82
260	16	93
260	17	88
260	18	89
260	19	90
260	20	83
260	21	91
260	22	0
260	23	0
261	0	0
261	1	0
261	2	0
261	3	0
261	4	0
261	5	0
261	6	0
261	7	0
261	8	79
261	9	95
261	10	76
261	11	76
261	12	88
261	13	94
261	14	81
261	15	77
261	16	79
261	17	87
261	18	93
261	19	83
261	20	76
261	21	92
261	22	0
261	23	0
262	0	0
262	1	0
262	2	0
262	3	0
262	4	0
262	5	0
262	6	0
262	7	0
262	8	85
262	9	86
262	10	83
262	11	85
262	12	82
262	13	81
262	14	89
262	15	82
262	16	89
262	17	82
262	18	84
262	19	135
262	20	82
262	21	82
262	22	103
262	23	82
263	0	0
263	1	0
263	2	0
263	3	0
263	4	0
263	5	0
263	6	0
263	7	0
263	8	102
263	9	100
263	10	89
263	11	89
263	12	83
263	13	90
263	14	95
263	15	93
263	16	101
263	17	84
263	18	84
263	19	78
263	20	91
263	21	73
263	22	0
263	23	0
264	0	0
264	1	0
264	2	0
264	3	0
264	4	0
264	5	0
264	6	0
264	7	0
264	8	0
264	9	76
264	10	82
264	11	82
264	12	82
264	13	91
264	14	103
264	15	88
264	16	88
264	17	101
264	18	106
264	19	97
264	20	113
264	21	82
264	22	80
264	23	83
265	0	0
265	1	0
265	2	0
265	3	0
265	4	0
265	5	0
265	6	0
265	7	0
265	8	0
265	9	90
265	10	81
265	11	82
265	12	83
265	13	89
265	14	93
265	15	83
265	16	85
265	17	79
265	18	90
265	19	92
265	20	81
265	21	80
265	22	0
265	23	0
266	0	0
266	1	0
266	2	0
266	3	0
266	4	0
266	5	0
266	6	0
266	7	0
266	8	0
266	9	68
266	10	91
266	11	97
266	12	80
266	13	90
266	14	93.86083984
266	15	76
266	16	82
266	17	74
266	18	186
266	19	106
266	20	74
266	21	75
266	22	73
266	23	59
267	0	0
267	1	0
267	2	0
267	3	0
267	4	0
267	5	0
267	6	0
267	7	0
267	8	0
267	9	0
267	10	0
267	11	0
267	12	98
267	13	83
267	14	86
267	15	90
267	16	94
267	17	80
267	18	78
267	19	77
267	20	83
267	21	93
267	22	76
267	23	67
268	0	0
268	1	0
268	2	0
268	3	0
268	4	0
268	5	0
268	6	0
268	7	0
268	8	0
268	9	83
268	10	107
268	11	90
268	12	85
268	13	92
268	14	90
268	15	83
268	16	91
268	17	98
268	18	90
268	19	82
268	20	93
268	21	89
268	22	87
268	23	81
269	0	90
269	1	90
269	2	90
269	3	0
269	4	0
269	5	0
269	6	0
269	7	0
269	8	0
269	9	0
269	10	93
269	11	88
269	12	92
269	13	90
269	14	93
269	15	81
269	16	81
269	17	198
269	18	93
269	19	81
269	20	79
269	21	83
269	22	79
269	23	0
270	0	0
270	1	0
270	2	0
270	3	0
270	4	0
270	5	0
270	6	0
270	7	0
270	8	0
270	9	79
270	10	81
270	11	98
270	12	86
270	13	89
270	14	81
270	15	86
270	16	82
270	17	93
270	18	202
270	19	98
270	20	93
270	21	87
270	22	75
270	23	70
271	0	0
271	1	0
271	2	0
271	3	0
271	4	0
271	5	0
271	6	0
271	7	0
271	8	0
271	9	83
271	10	89
271	11	75
271	12	76
271	13	97
271	14	83
271	15	88
271	16	81
271	17	83
271	18	100
271	19	81
271	20	81
271	21	99
271	22	0
271	23	0
272	0	0
272	1	0
272	2	0
272	3	0
272	4	0
272	5	0
272	6	0
272	7	0
272	8	92
272	9	95
272	10	88
272	11	88
272	12	90
272	13	81
272	14	88
272	15	79
272	16	89
272	17	88
272	18	94
272	19	81
272	20	85
272	21	88
272	22	89
272	23	81
273	0	69
273	1	0
273	2	0
273	3	0
273	4	0
273	5	0
273	6	0
273	7	0
273	8	0
273	9	71
273	10	82
273	11	83
273	12	92
273	13	83
273	14	79
273	15	75
273	16	90
273	17	88
273	18	83
273	19	88
273	20	80
273	21	88
273	22	78
273	23	0
274	0	0
274	1	0
274	2	0
274	3	0
274	4	0
274	5	0
274	6	0
274	7	0
274	8	0
274	9	0
274	10	88
274	11	85
274	12	101
274	13	82
274	14	102
274	15	94
274	16	91
274	17	91
274	18	93
274	19	94
274	20	103
274	21	83
274	22	73
274	23	75
275	0	73
275	1	0
275	2	0
275	3	0
275	4	0
275	5	0
275	6	0
275	7	0
275	8	0
275	9	83
275	10	79
275	11	89
275	12	94
275	13	85
275	14	88
275	15	89
275	16	0
275	17	169
275	18	170
275	19	83
275	20	99
275	21	90
275	22	97
275	23	92
276	0	81
276	1	0
276	2	0
276	3	0
276	4	0
276	5	0
276	6	0
276	7	0
276	8	0
276	9	0
276	10	0
276	11	99
276	12	89
276	13	77
276	14	90
276	15	97
276	16	78
276	17	81
276	18	194
276	19	95
276	20	83
276	21	83
276	22	81
276	23	76
277	0	0
277	1	0
277	2	0
277	3	0
277	4	0
277	5	0
277	6	0
277	7	0
277	8	0
277	9	82
277	10	86
277	11	91
277	12	95
277	13	85
277	14	98
277	15	88
277	16	91
277	17	90
277	18	139
277	19	83
277	20	78
277	21	79
277	22	94
277	23	0
278	0	0
278	1	0
278	2	0
278	3	0
278	4	0
278	5	0
278	6	0
278	7	0
278	8	0
278	9	74
278	10	81
278	11	81
278	12	91
278	13	85
278	14	87
278	15	78
278	16	80
278	17	105
278	18	77
278	19	90
278	20	83
278	21	86
278	22	79
278	23	74
279	0	81
279	1	0
279	2	0
279	3	0
279	4	0
279	5	0
279	6	0
279	7	81
279	8	83
279	9	90
279	10	83
279	11	100
279	12	85
279	13	101
279	14	81
279	15	92
279	16	82
279	17	75
279	18	90
279	19	79
279	20	82
279	21	0
279	22	0
279	23	0
280	0	0
280	1	0
280	2	0
280	3	0
280	4	0
280	5	0
280	6	0
280	7	0
280	8	73
280	9	81
280	10	73
280	11	74
280	12	100
280	13	98
280	14	92
280	15	89
280	16	99
280	17	83
280	18	84
280	19	81
280	20	88
280	21	85
280	22	0
280	23	0
281	0	0
281	1	0
281	2	0
281	3	0
281	4	0
281	5	0
281	6	0
281	7	0
281	8	0
281	9	88
281	10	81
281	11	85
281	12	94
281	13	83
281	14	90
281	15	89
281	16	87
281	17	92
281	18	86
281	19	86
281	20	81
281	21	86
281	22	81
281	23	76
282	0	72
282	1	0
282	2	0
282	3	0
282	4	0
282	5	0
282	6	0
282	7	0
282	8	0
282	9	0
282	10	79
282	11	92
282	12	90
282	13	89
282	14	88
282	15	91
282	16	95
282	17	88
282	18	95
282	19	106
282	20	102
282	21	102
282	22	99
282	23	91
283	0	81
283	1	81
283	2	81
283	3	81
283	4	81
283	5	79
283	6	0
283	7	0
283	8	0
283	9	0
283	10	0
283	11	75
283	12	98
283	13	88
283	14	78
283	15	83
283	16	88
283	17	0
283	18	74
283	19	74
283	20	84
283	21	79
283	22	74
283	23	69
284	0	0
284	1	0
284	2	0
284	3	0
284	4	0
284	5	0
284	6	0
284	7	0
284	8	76
284	9	76
284	10	88
284	11	80
284	12	78
284	13	85
284	14	71
284	15	81
284	16	80
284	17	75
284	18	88
284	19	88
284	20	81
284	21	87
284	22	0
284	23	0
285	0	0
285	1	0
285	2	0
285	3	0
285	4	0
285	5	0
285	6	0
285	7	81
285	8	97
285	9	85
285	10	79
285	11	88
285	12	88
285	13	85
285	14	98
285	15	88
285	16	82
285	17	81
285	18	85
285	19	81
285	20	89
285	21	73
285	22	71
285	23	0
286	0	0
286	1	0
286	2	0
286	3	0
286	4	0
286	5	0
286	6	0
286	7	0
286	8	89
286	9	80
286	10	87
286	11	83
286	12	80
286	13	82
286	14	85
286	15	81
286	16	75
286	17	83
286	18	97
286	19	85
286	20	89
286	21	73
286	22	77
286	23	0
287	0	0
287	1	0
287	2	0
287	3	0
287	4	0
287	5	0
287	6	0
287	7	0
287	8	0
287	9	80
287	10	89
287	11	89
287	12	89
287	13	80
287	14	89
287	15	106
287	16	99
287	17	86
287	18	83
287	19	85
287	20	85
287	21	81
287	22	79
287	23	74
288	0	0
288	1	0
288	2	0
288	3	0
288	4	0
288	5	0
288	6	0
288	7	0
288	8	83
288	9	101
288	10	93
288	11	90
288	12	89
288	13	86
288	14	90
288	15	88
288	16	86
288	17	98
288	18	92
288	19	95
288	20	83
288	21	0
288	22	0
288	23	0
289	0	0
289	1	0
289	2	0
289	3	0
289	4	0
289	5	0
289	6	0
289	7	0
289	8	0
289	9	0
289	10	0
289	11	88
289	12	0
289	13	0
289	14	83
289	15	82
289	16	78
289	17	75
289	18	79
289	19	81
289	20	83
289	21	77
289	22	0
289	23	0
290	0	0
290	1	0
290	2	0
290	3	0
290	4	0
290	5	0
290	6	0
290	7	0
290	8	0
290	9	0
290	10	0
290	11	0
290	12	81
290	13	81
290	14	78
290	15	83
290	16	88
290	17	81
290	18	102
290	19	84
290	20	73
290	21	78
290	22	81
290	23	0
291	0	0
291	1	0
291	2	0
291	3	0
291	4	0
291	5	0
291	6	0
291	7	0
291	8	69
291	9	90
291	10	89
291	11	82
291	12	100
291	13	87
291	14	87
291	15	85
291	16	81
291	17	85
291	18	198
291	19	106
291	20	97
291	21	81
291	22	71
291	23	0
292	0	0
292	1	0
292	2	0
292	3	0
292	4	0
292	5	0
292	6	0
292	7	0
292	8	0
292	9	0
292	10	80
292	11	98
292	12	82
292	13	81
292	14	88
292	15	83
292	16	88
292	17	90
292	18	82
292	19	102
292	20	97
292	21	100
292	22	73
292	23	82
293	0	89
293	1	77
293	2	0
293	3	0
293	4	0
293	5	0
293	6	0
293	7	0
293	8	83
293	9	97
293	10	85
293	11	85
293	12	88
293	13	81
293	14	81
293	15	91
293	16	87
293	17	82
293	18	88
293	19	102
293	20	81
293	21	94
293	22	69
293	23	0
294	0	0
294	1	0
294	2	0
294	3	0
294	4	0
294	5	0
294	6	0
294	7	0
294	8	0
294	9	0
294	10	81
294	11	91
294	12	171
294	13	174
294	14	85
294	15	95
294	16	98
294	17	88
294	18	89
294	19	88
294	20	90
294	21	103
294	22	94
294	23	83
295	0	77
295	1	0
295	2	0
295	3	0
295	4	0
295	5	0
295	6	0
295	7	0
295	8	0
295	9	88
295	10	97
295	11	90
295	12	104
295	13	85
295	14	93
295	15	91
295	16	93
295	17	91
295	18	82
295	19	93
295	20	78
295	21	81
295	22	74
295	23	0
296	0	0
296	1	0
296	2	0
296	3	0
296	4	0
296	5	0
296	6	0
296	7	0
296	8	0
296	9	0
296	10	85
296	11	85
296	12	89
296	13	83
296	14	85
296	15	82
296	16	80
296	17	82
296	18	80
296	19	76
296	20	69
296	21	0
296	22	0
296	23	0
297	0	0
297	1	0
297	2	0
297	3	0
297	4	0
297	5	0
297	6	0
297	7	0
297	8	0
297	9	0
297	10	0
297	11	77
297	12	128
297	13	89
297	14	97
297	15	82
297	16	84
297	17	89
297	18	104
297	19	81
297	20	80
297	21	89
297	22	81
297	23	0
298	0	0
298	1	0
298	2	0
298	3	0
298	4	0
298	5	0
298	6	0
298	7	0
298	8	82
298	9	78
298	10	74
298	11	92
298	12	94
298	13	91
298	14	81
298	15	88
298	16	91
298	17	91
298	18	83
298	19	89
298	20	90
298	21	88
298	22	77
298	23	87
299	0	0
299	1	0
299	2	0
299	3	0
299	4	0
299	5	0
299	6	0
299	7	83
299	8	65
299	9	69
299	10	82
299	11	91
299	12	88
299	13	82
299	14	85
299	15	102
299	16	86
299	17	97
299	18	106
299	19	90
299	20	80
299	21	85
299	22	81
299	23	0
300	0	0
300	1	0
300	2	0
300	3	0
300	4	0
300	5	0
300	6	0
300	7	0
300	8	0
300	9	91
300	10	79
300	11	74
300	12	88
300	13	87
300	14	83
300	15	81
300	16	81
300	17	82
300	18	88
300	19	83
300	20	74
300	21	74
300	22	67
300	23	0
301	0	0
301	1	0
301	2	0
301	3	0
301	4	0
301	5	0
301	6	0
301	7	0
301	8	0
301	9	83
301	10	102
301	11	72
301	12	84
301	13	81
301	14	88
301	15	84
301	16	130
301	17	75
301	18	78
301	19	79
301	20	72
301	21	70
301	22	88
301	23	0
302	0	0
302	1	0
302	2	0
302	3	0
302	4	0
302	5	0
302	6	0
302	7	0
302	8	0
302	9	0
302	10	103
302	11	94
302	12	87
302	13	115
302	14	88
302	15	97
302	16	83
302	17	85
302	18	90
302	19	106
302	20	94
302	21	91
302	22	83
302	23	84
303	0	79
303	1	0
303	2	0
303	3	0
303	4	0
303	5	0
303	6	0
303	7	0
303	8	74
303	9	84
303	10	91
303	11	81
303	12	83
303	13	79
303	14	86
303	15	81
303	16	0
303	17	0
303	18	0
303	19	0
303	20	0
303	21	0
303	22	0
303	23	0
304	0	0
304	1	0
304	2	0
304	3	0
304	4	0
304	5	0
304	6	0
304	7	0
304	8	0
304	9	0
304	10	78
304	11	86
304	12	89
304	13	81
304	14	88
304	15	74
304	16	88
304	17	82
304	18	100
304	19	76
304	20	75
304	21	71
304	22	71
304	23	76
305	0	0
305	1	0
305	2	0
305	3	0
305	4	0
305	5	0
305	6	0
305	7	0
305	8	0
305	9	78
305	10	82
305	11	89
305	12	93
305	13	88
305	14	81
305	15	91
305	16	88
305	17	90
305	18	85
305	19	95
305	20	88
305	21	76
305	22	88
305	23	84
306	0	0
306	1	0
306	2	0
306	3	0
306	4	0
306	5	0
306	6	0
306	7	0
306	8	0
306	9	0
306	10	95
306	11	89
306	12	85
306	13	95
306	14	102
306	15	94
306	16	87
306	17	88
306	18	100
306	19	97
306	20	87
306	21	83
306	22	83
306	23	75
307	0	82
307	1	0
307	2	0
307	3	0
307	4	0
307	5	0
307	6	0
307	7	0
307	8	0
307	9	99
307	10	81
307	11	77
307	12	90
307	13	77
307	14	88
307	15	72
307	16	73
307	17	83
307	18	72
307	19	85
307	20	69
307	21	77
307	22	78
307	23	0
308	0	0
308	1	0
308	2	0
308	3	0
308	4	0
308	5	0
308	6	0
308	7	0
308	8	0
308	9	0
308	10	0
308	11	100
308	12	101
308	13	94
308	14	90
308	15	81
308	16	97
308	17	116
308	18	86
308	19	89
308	20	85
308	21	90
308	22	72
308	23	0
309	0	85
309	1	0
309	2	0
309	3	0
309	4	0
309	5	0
309	6	0
309	7	0
309	8	81
309	9	98
309	10	116
309	11	95
309	12	83
309	13	88
309	14	82
309	15	89
309	16	83
309	17	82
309	18	93
309	19	85
309	20	83
309	21	89
309	22	83
309	23	76
310	0	100
310	1	0
310	2	0
310	3	0
310	4	0
310	5	0
310	6	0
310	7	0
310	8	0
310	9	0
310	10	0
310	11	0
310	12	0
310	13	0
310	14	0
310	15	0
310	16	0
310	17	0
310	18	89
310	19	99
310	20	95
310	21	86
310	22	81
310	23	88
311	0	77
311	1	76
311	2	0
311	3	0
311	4	0
311	5	0
311	6	0
311	7	0
311	8	0
311	9	0
311	10	0
311	11	91
311	12	99
311	13	119
311	14	82
311	15	88
311	16	79
311	17	83
311	18	89
311	19	76
311	20	73
311	21	97
311	22	66
311	23	0
312	0	0
312	1	0
312	2	0
312	3	0
312	4	0
312	5	0
312	6	0
312	7	0
312	8	0
312	9	0
312	10	0
312	11	87
312	12	81
312	13	105
312	14	97
312	15	88
312	16	94
312	17	97
312	18	87
312	19	79
312	20	79
312	21	81
312	22	82
312	23	82
313	0	0
313	1	0
313	2	0
313	3	0
313	4	0
313	5	0
313	6	0
313	7	0
313	8	72
313	9	90
313	10	91
313	11	80
313	12	89
313	13	91
313	14	90
313	15	100
313	16	88
313	17	88
313	18	87
313	19	83
313	20	77
313	21	83
313	22	74
313	23	73
314	0	0
314	1	0
314	2	0
314	3	0
314	4	0
314	5	0
314	6	0
314	7	0
314	8	0
314	9	116
314	10	88
314	11	88
314	12	82
314	13	89
314	14	98
314	15	98
314	16	88
314	17	88
314	18	89
314	19	90
314	20	89
314	21	86
314	22	75
314	23	82
315	0	0
315	1	0
315	2	0
315	3	0
315	4	0
315	5	0
315	6	0
315	7	0
315	8	0
315	9	0
315	10	0
315	11	0
315	12	79
315	13	82
315	14	93
315	15	98
315	16	82
315	17	87
315	18	94
315	19	82
315	20	77
315	21	81
315	22	80
315	23	72
316	0	91
316	1	0
316	2	0
316	3	0
316	4	0
316	5	0
316	6	0
316	7	83
316	8	95
316	9	93
316	10	97
316	11	82
316	12	88
316	13	89
316	14	88
316	15	85
316	16	91
316	17	0
316	18	0
316	19	0
316	20	0
316	21	0
316	22	0
316	23	0
317	0	0
317	1	0
317	2	0
317	3	0
317	4	0
317	5	0
317	6	0
317	7	0
317	8	0
317	9	0
317	10	0
317	11	91
317	12	83
317	13	0
317	14	74
317	15	0
317	16	81
317	17	0
317	18	86
317	19	81
317	20	102
317	21	98
317	22	86
317	23	93
318	0	0
318	1	0
318	2	0
318	3	0
318	4	0
318	5	0
318	6	0
318	7	82
318	8	88
318	9	83
318	10	84
318	11	82
318	12	73
318	13	78
318	14	88
318	15	81
318	16	85
318	17	87
318	18	78
318	19	78
318	20	75
318	21	74
318	22	77
318	23	0
319	0	0
319	1	0
319	2	0
319	3	0
319	4	0
319	5	0
319	6	0
319	7	0
319	8	0
319	9	0
319	10	0
319	11	0
319	12	0
319	13	103
319	14	89
319	15	89
319	16	92
319	17	89
319	18	97
319	19	83
319	20	88
319	21	83
319	22	74
319	23	81
320	0	0
320	1	0
320	2	0
320	3	0
320	4	0
320	5	0
320	6	0
320	7	0
320	8	0
320	9	0
320	10	0
320	11	0
320	12	82
320	13	89
320	14	83
320	15	82
320	16	82
320	17	90
320	18	86
320	19	87
320	20	82
320	21	74
320	22	0
320	23	0
321	0	0
321	1	0
321	2	0
321	3	0
321	4	0
321	5	0
321	6	0
321	7	0
321	8	0
321	9	97
321	10	90
321	11	94
321	12	88
321	13	88
321	14	86
321	15	83
321	16	83
321	17	95
321	18	93
321	19	84
321	20	83
321	21	81
321	22	81
321	23	75
322	0	0
322	1	0
322	2	0
322	3	0
322	4	0
322	5	0
322	6	0
322	7	0
322	8	0
322	9	0
322	10	74
322	11	83
322	12	84
322	13	90
322	14	85
322	15	78
322	16	89
322	17	86
322	18	81
322	19	86
322	20	97
322	21	82
322	22	78
322	23	109
323	0	72
323	1	0
323	2	0
323	3	0
323	4	0
323	5	0
323	6	0
323	7	0
323	8	0
323	9	0
323	10	0
323	11	0
323	12	87
323	13	85
323	14	99
323	15	93
323	16	93
323	17	103
323	18	102
323	19	82
323	20	89
323	21	85
323	22	89
323	23	74
324	0	74
324	1	59
324	2	0
324	3	0
324	4	0
324	5	0
324	6	0
324	7	0
324	8	0
324	9	0
324	10	0
324	11	0
324	12	0
324	13	0
324	14	0
324	15	0
324	16	75
324	17	89
324	18	85
324	19	90
324	20	89
324	21	83
324	22	76
324	23	98
325	0	121
325	1	0
325	2	0
325	3	0
325	4	0
325	5	0
325	6	0
325	7	0
325	8	0
325	9	0
325	10	0
325	11	0
325	12	88
325	13	97
325	14	101
325	15	83
325	16	85
325	17	82
325	18	75
325	19	81
325	20	76
325	21	78
325	22	0
325	23	0
326	0	0
326	1	0
326	2	0
326	3	0
326	4	0
326	5	0
326	6	0
326	7	0
326	8	0
326	9	0
326	10	0
326	11	85
326	12	79
326	13	93
326	14	80
326	15	82
326	16	88
326	17	88
326	18	81
326	19	89
326	20	84
326	21	90
326	22	83
326	23	0
327	0	0
327	1	0
327	2	0
327	3	0
327	4	0
327	5	0
327	6	0
327	7	0
327	8	0
327	9	0
327	10	0
327	11	98
327	12	88
327	13	87
327	14	86
327	15	95
327	16	92
327	17	90
327	18	98
327	19	81
327	20	75
327	21	91
327	22	81
327	23	73
328	0	87
328	1	76
328	2	0
328	3	0
328	4	0
328	5	0
328	6	0
328	7	0
328	8	81
328	9	85
328	10	88
328	11	81
328	12	90
328	13	88
328	14	82
328	15	81
328	16	88
328	17	77
328	18	82
328	19	88
328	20	91
328	21	73
328	22	73
328	23	78
329	0	74
329	1	76
329	2	0
329	3	0
329	4	0
329	5	0
329	6	0
329	7	0
329	8	81
329	9	81
329	10	77
329	11	81
329	12	89
329	13	83
329	14	85
329	15	82
329	16	81
329	17	83
329	18	89
329	19	81
329	20	81
329	21	87
329	22	90
329	23	78
330	0	0
330	1	0
330	2	0
330	3	0
330	4	0
330	5	0
330	6	0
330	7	0
330	8	0
330	9	0
330	10	0
330	11	0
330	12	97
330	13	95
330	14	115
330	15	97
330	16	82
330	17	97
330	18	81
330	19	0
330	20	0
330	21	98
330	22	87
330	23	91
331	0	89
331	1	87
331	2	106
331	3	110
331	4	0
331	5	0
331	6	0
331	7	0
331	8	0
331	9	0
331	10	0
331	11	0
331	12	0
331	13	94
331	14	87
331	15	82
331	16	82
331	17	79
331	18	0
331	19	0
331	20	77
331	21	93
331	22	90
331	23	83
332	0	88
332	1	89
332	2	88
332	3	65
332	4	0
332	5	0
332	6	0
332	7	0
332	8	0
332	9	0
332	10	0
332	11	0
332	12	0
332	13	0
332	14	74
332	15	81
332	16	87
332	17	91
332	18	89
332	19	81
332	20	79
332	21	75
332	22	98
332	23	74
333	0	77
333	1	0
333	2	0
333	3	0
333	4	0
333	5	0
333	6	0
333	7	0
333	8	0
333	9	0
333	10	103
333	11	93
333	12	90
333	13	97
333	14	102
333	15	106
333	16	103
333	17	95
333	18	83
333	19	83
333	20	89
333	21	91
333	22	82
333	23	0
334	0	0
334	1	0
334	2	0
334	3	0
334	4	0
334	5	0
334	6	0
334	7	0
334	8	0
334	9	0
334	10	0
334	11	94
334	12	101
334	13	95
334	14	104
334	15	104
334	16	98
334	17	97
334	18	102
334	19	98
334	20	99
334	21	93
334	22	85
334	23	98
335	0	82
335	1	77
335	2	0
335	3	0
335	4	0
335	5	0
335	6	0
335	7	0
335	8	0
335	9	0
335	10	81
335	11	82
335	12	94
335	13	98
335	14	91
335	15	94
335	16	91
335	17	85
335	18	74
335	19	78
335	20	81
335	21	81
335	22	77
335	23	74
336	0	81
336	1	77
336	2	0
336	3	0
336	4	0
336	5	0
336	6	0
336	7	0
336	8	0
336	9	0
336	10	90
336	11	81
336	12	97
336	13	83
336	14	81
336	15	83
336	16	77
336	17	79
336	18	82
336	19	94
336	20	82
336	21	81
336	22	74
336	23	82
337	0	74
337	1	63
337	2	0
337	3	0
337	4	0
337	5	0
337	6	0
337	7	0
337	8	0
337	9	0
337	10	0
337	11	0
337	12	84
337	13	186
337	14	93
337	15	93
337	16	88
337	17	88
337	18	97
337	19	88
337	20	90
337	21	82
337	22	82
337	23	93
338	0	74
338	1	0
338	2	0
338	3	0
338	4	0
338	5	0
338	6	0
338	7	0
338	8	0
338	9	0
338	10	0
338	11	0
338	12	80
338	13	88
338	14	88
338	15	81
338	16	83
338	17	81
338	18	0
338	19	0
338	20	0
338	21	0
338	22	0
338	23	0
339	0	0
339	1	0
339	2	0
339	3	0
339	4	0
339	5	0
339	6	0
339	7	0
339	8	0
339	9	0
339	10	0
339	11	71
339	12	88
339	13	97
339	14	90
339	15	83
339	16	75
339	17	72
339	18	82
339	19	73
339	20	88
339	21	68
339	22	73
339	23	127
340	0	78
340	1	0
340	2	0
340	3	0
340	4	0
340	5	0
340	6	0
340	7	0
340	8	89
340	9	115
340	10	104
340	11	77
340	12	82
340	13	90
340	14	89
340	15	81
340	16	81
340	17	88
340	18	90
340	19	81
340	20	82
340	21	78
340	22	78
340	23	0
341	0	0
341	1	0
341	2	0
341	3	0
341	4	0
341	5	0
341	6	0
341	7	0
341	8	0
341	9	0
341	10	0
341	11	0
341	12	97
341	13	97
341	14	90
341	15	82
341	16	81
341	17	91
341	18	83
341	19	88
341	20	88
341	21	82
341	22	82
341	23	74
342	0	0
342	1	0
342	2	0
342	3	0
342	4	0
342	5	0
342	6	0
342	7	0
342	8	0
342	9	0
342	10	81
342	11	81
342	12	89
342	13	88
342	14	83
342	15	91
342	16	89
342	17	89
342	18	92
342	19	89
342	20	115
342	21	97
342	22	90
342	23	94
343	0	85
343	1	0
343	2	0
343	3	0
343	4	0
343	5	0
343	6	0
343	7	0
343	8	0
343	9	70
343	10	88
343	11	83
343	12	88
343	13	86
343	14	82
343	15	89
343	16	89
343	17	81
343	18	81
343	19	82
343	20	95
343	21	81
343	22	90
343	23	102
344	0	0
344	1	0
344	2	0
344	3	0
344	4	0
344	5	0
344	6	0
344	7	0
344	8	0
344	9	0
344	10	87
344	11	98
344	12	88
344	13	109
344	14	98
344	15	89
344	16	102
344	17	97
344	18	94
344	19	89
344	20	90
344	21	95
344	22	90
344	23	81
345	0	98
345	1	0
345	2	0
345	3	0
345	4	0
345	5	0
345	6	0
345	7	0
345	8	0
345	9	0
345	10	0
345	11	92
345	12	93
345	13	81
345	14	94
345	15	93
345	16	90
345	17	95
345	18	103
345	19	89
345	20	87
345	21	88
345	22	89
345	23	81
346	0	0
346	1	0
346	2	0
346	3	0
346	4	0
346	5	0
346	6	0
346	7	80
346	8	81
346	9	83
346	10	88
346	11	82
346	12	82
346	13	90
346	14	78
346	15	80
346	16	90
346	17	79
346	18	88
346	19	81
346	20	76
346	21	71
346	22	63
346	23	57
347	0	0
347	1	0
347	2	0
347	3	0
347	4	0
347	5	0
347	6	85
347	7	83
347	8	74
347	9	86
347	10	75
347	11	87
347	12	90
347	13	83
347	14	90
347	15	85
347	16	82
347	17	79
347	18	73
347	19	67
347	20	66
347	21	71
347	22	61
347	23	58
348	0	0
348	1	0
348	2	0
348	3	0
348	4	0
348	5	0
348	6	0
348	7	83
348	8	77
348	9	97
348	10	89
348	11	82
348	12	89
348	13	94
348	14	89
348	15	91
348	16	87
348	17	80
348	18	87
348	19	73
348	20	75
348	21	62
348	22	0
348	23	0
349	0	0
349	1	0
349	2	0
349	3	0
349	4	0
349	5	0
349	6	79
349	7	80
349	8	82
349	9	82
349	10	81
349	11	90
349	12	90
349	13	83
349	14	90
349	15	82
349	16	89
349	17	69
349	18	75
349	19	74
349	20	75
349	21	79
349	22	0
349	23	0
350	0	0
350	1	0
350	2	0
350	3	0
350	4	0
350	5	0
350	6	0
350	7	90
350	8	112
350	9	88
350	10	90
350	11	89
350	12	95
350	13	103
350	14	82
350	15	87
350	16	77
350	17	119
350	18	74
350	19	74
350	20	73
350	21	65
350	22	64
350	23	0
351	0	0
351	1	0
351	2	0
351	3	0
351	4	0
351	5	0
351	6	0
351	7	74
351	8	81
351	9	88
351	10	91
351	11	93
351	12	98
351	13	86
351	14	95
351	15	105
351	16	94
351	17	85
351	18	82
351	19	76
351	20	64
351	21	64
351	22	53
351	23	0
352	0	0
352	1	0
352	2	0
352	3	0
352	4	0
352	5	0
352	6	0
352	7	0
352	8	72
352	9	81
352	10	81
352	11	84
352	12	81
352	13	93
352	14	74
352	15	86
352	16	90
352	17	74
352	18	75
352	19	73
352	20	73
352	21	62
352	22	0
352	23	0
353	0	0
353	1	0
353	2	0
353	3	0
353	4	0
353	5	0
353	6	0
353	7	0
353	8	0
353	9	0
353	10	0
353	11	91
353	12	89
353	13	86
353	14	100
353	15	92
353	16	81
353	17	81
353	18	81
353	19	74
353	20	69
353	21	65
353	22	0
353	23	0
354	0	0
354	1	0
354	2	0
354	3	0
354	4	0
354	5	0
354	6	0
354	7	76
354	8	86
354	9	89
354	10	112
354	11	83
354	12	137
354	13	151
354	14	82
354	15	88
354	16	83
354	17	75
354	18	76
354	19	71
354	20	70
354	21	61
354	22	66
354	23	60
355	0	0
355	1	0
355	2	0
355	3	0
355	4	0
355	5	0
355	6	0
355	7	60
355	8	97
355	9	97
355	10	90
355	11	90
355	12	94
355	13	90
355	14	88
355	15	94
355	16	102
355	17	90
355	18	94
355	19	77
355	20	73
355	21	65
355	22	62
355	23	0
356	0	0
356	1	0
356	2	0
356	3	0
356	4	0
356	5	0
356	6	76
356	7	95
356	8	82
356	9	82
356	10	81
356	11	84
356	12	75
356	13	83
356	14	84
356	15	100
356	16	73
356	17	78
356	18	78
356	19	73
356	20	73
356	21	0
356	22	0
356	23	0
357	0	0
357	1	0
357	2	0
357	3	0
357	4	0
357	5	0
357	6	0
357	7	81
357	8	81
357	9	77
357	10	88
357	11	81
357	12	85
357	13	91
357	14	81
357	15	82
357	16	79
357	17	74
357	18	77
357	19	100
357	20	66
357	21	63
357	22	61
357	23	0
358	0	0
358	1	0
358	2	0
358	3	0
358	4	0
358	5	0
358	6	71
358	7	83
358	8	87
358	9	83
358	10	88
358	11	85
358	12	83
358	13	89
358	14	99
358	15	88
358	16	89
358	17	88
358	18	83
358	19	78
358	20	91
358	21	73
358	22	65
358	23	0
359	0	0
359	1	0
359	2	0
359	3	0
359	4	0
359	5	0
359	6	0
359	7	83
359	8	81
359	9	85
359	10	79
359	11	81
359	12	89
359	13	88
359	14	72
359	15	83
359	16	81
359	17	129
359	18	88
359	19	81
359	20	88
359	21	81
359	22	72
359	23	66
360	0	60
360	1	0
360	2	0
360	3	0
360	4	0
360	5	0
360	6	0
360	7	0
360	8	86
360	9	94
360	10	88
360	11	88
360	12	81
360	13	82
360	14	88
360	15	95
360	16	88
360	17	90
360	18	106
360	19	87
360	20	77
360	21	76
360	22	86
360	23	0
361	0	0
361	1	0
361	2	0
361	3	0
361	4	0
361	5	0
361	6	0
361	7	74
361	8	89
361	9	98
361	10	89
361	11	81
361	12	100
361	13	87
361	14	87
361	15	87
361	16	83
361	17	89
361	18	89
361	19	74
361	20	81
361	21	71
361	22	0
361	23	0
362	0	0
362	1	0
362	2	0
362	3	0
362	4	0
362	5	0
362	6	0
362	7	72
362	8	81
362	9	94
362	10	89
362	11	86
362	12	93
362	13	97
362	14	116
362	15	90
362	16	0
362	17	69
362	18	91
362	19	99
362	20	99
362	21	68
362	22	0
362	23	0
363	0	0
363	1	0
363	2	0
363	3	0
363	4	0
363	5	0
363	6	0
363	7	80
363	8	81
363	9	92
363	10	80
363	11	89
363	12	88
363	13	91
363	14	89
363	15	89
363	16	81
363	17	94
363	18	106
363	19	89
363	20	83
363	21	84
363	22	89
363	23	0
364	0	0
364	1	0
364	2	0
364	3	0
364	4	0
364	5	0
364	6	0
364	7	0
364	8	84
364	9	88
364	10	94
364	11	93
364	12	81
364	13	97
364	14	95
364	15	92
364	16	91
364	17	82
364	18	81
364	19	81
364	20	81
364	21	73
364	22	0
364	23	0
365	0	0
365	1	0
365	2	0
365	3	0
365	4	0
365	5	0
365	6	0
365	7	83
365	8	81
365	9	107
365	10	95
365	11	89
365	12	94
365	13	97
365	14	89
365	15	89
365	16	94
365	17	93
365	18	79
365	19	101
365	20	76
365	21	74
365	22	70
365	23	58
366	0	0
366	1	0
366	2	0
366	3	0
366	4	0
366	5	0
366	6	0
366	7	0
366	8	0
366	9	119
366	10	0
366	11	88
366	12	95
366	13	98
366	14	98
366	15	95
366	16	88
366	17	79
366	18	89
366	19	88
366	20	90
366	21	100
366	22	82
366	23	86